Rk,Player,Age,Team,Lg,WAR,G,PA,AB,R,H,2B,3B,HR,RBI,SB,CS,BB,SO,BA,OBP,SLG,OPS,OPS+,rOBA,Rbat+,TB,GIDP,HBP,SH,SF,IBB,Pos,Awards
1,Marcus Semien,30,TOR,AL,7.1,162,724,652,115,173,39,2,45,102,15,1,66,146,0.265,0.334,0.538,0.873,131,0.37,128,351,9,3,0,3,0,*46/D,"AS,MVP-3,GG,SS"
2,Whit Merrifield,32,KCR,AL,3.8,162,720,664,97,184,42,3,10,74,40,4,40,103,0.277,0.317,0.395,0.711,93,0.321,90,262,12,4,0,12,1,*49/7D,AS
3,Vladimir Guerrero Jr.,22,TOR,AL,6.5,161,698,604,123,188,29,1,48,111,4,1,86,110,0.311,0.401,0.601,1.002,167,0.422,168,363,20,6,0,2,7,*3D/5,"AS,MVP-2,SS"
4,Freddie Freeman*,31,ATL,NL,4.8,159,695,600,120,180,25,2,31,83,8,3,85,107,0.3,0.393,0.503,0.896,136,0.391,140,302,11,8,0,2,15,*3,"AS,MVP-9,SS"
5,Tommy Edman#,26,STL,NL,3.8,159,691,641,91,168,41,3,11,56,30,5,38,95,0.262,0.308,0.387,0.695,91,0.317,93,248,4,6,2,4,1,*49/6H,GG
6,Mitch Haniger,30,SEA,AL,2.8,157,691,620,110,157,23,2,39,100,1,0,54,169,0.253,0.318,0.485,0.804,122,0.349,125,301,12,9,0,8,2,*9D,MVP-20
7,Bo Bichette,23,TOR,AL,5.9,159,690,640,121,191,30,1,29,102,25,1,40,137,0.298,0.343,0.484,0.828,121,0.365,122,310,10,6,0,4,0,*6D,"AS,MVP-12"
8,J.P. Crawford*,26,SEA,AL,3.7,160,687,619,89,169,37,0,9,54,3,6,58,114,0.273,0.338,0.376,0.715,102,0.312,102,233,10,5,1,4,1,*6,
9,Ozzie Albies#,24,ATL,NL,3.8,156,686,629,103,163,40,7,30,106,20,4,47,128,0.259,0.31,0.488,0.799,108,0.346,106,307,4,3,0,7,2,*4,"AS,MVP-13,SS"
10,Paul Goldschmidt,33,STL,NL,5.9,158,679,603,102,177,36,2,31,99,12,0,67,136,0.294,0.365,0.514,0.879,141,0.389,146,310,13,4,0,5,2,*3/DH,"MVP-6,GG"
11,DJ LeMahieu,32,NYY,AL,1.6,150,679,597,84,160,24,1,10,57,4,2,73,94,0.268,0.349,0.362,0.711,97,0.317,98,216,16,4,0,5,2,435/HD,
12,Jose Altuve,31,HOU,AL,4.5,146,678,601,117,167,32,1,31,83,5,3,66,91,0.278,0.35,0.489,0.839,127,0.359,127,294,9,4,1,6,3,*4/HD,"AS,MVP-18"
13,Isiah Kiner-Falefa,26,TEX,AL,3.9,158,677,635,74,172,25,3,8,53,20,5,28,90,0.271,0.312,0.357,0.67,85,0.306,87,227,11,11,1,2,2,*6/HD,
14,Cedric Mullins*,26,BAL,AL,6.2,159,675,602,91,175,37,5,30,59,30,8,59,125,0.291,0.36,0.518,0.878,137,0.378,137,312,2,8,1,4,3,*8/HD,"AS,MVP-9,SS"
15,Jonathan Schoop,29,DET,AL,1.9,156,674,623,85,173,30,1,22,84,2,0,37,133,0.278,0.32,0.435,0.755,109,0.329,109,271,15,6,0,8,0,*34D/5,
16,Matt Olson*,27,OAK,AL,5.9,156,673,565,101,153,35,0,39,111,4,1,88,113,0.271,0.371,0.54,0.911,153,0.38,148,305,17,9,0,11,12,*3/D,"AS,MVP-8"
17,Robbie Grossman#,31,DET,AL,2.9,156,671,557,88,133,23,3,23,67,20,5,98,155,0.239,0.357,0.415,0.772,115,0.348,120,231,8,8,2,6,3,*79/DH,
18,Kyle Seager*,33,SEA,AL,1.9,159,670,603,73,128,29,1,35,101,3,1,59,161,0.212,0.285,0.438,0.723,100,0.309,97,264,7,4,0,4,2,*5D/H,
19,David Fletcher,27,LAA,AL,1.6,157,665,626,74,164,27,3,2,47,15,3,31,60,0.262,0.297,0.324,0.622,70,0.276,63,203,10,1,6,1,1,*46/H,
20,Salvador Perez,31,KCR,AL,5.3,161,665,620,88,169,24,0,48,121,1,0,28,170,0.273,0.316,0.544,0.859,128,0.365,129,337,14,13,0,4,4,*2D/H,"AS,MVP-7,SS"
21,Rafael Devers*,24,BOS,AL,3.6,156,664,591,101,165,37,1,38,113,5,5,62,143,0.279,0.352,0.538,0.89,134,0.373,133,318,13,7,0,4,7,*5/D4H,"AS,MVP-11,SS"
22,Austin Riley,24,ATL,NL,6.3,160,662,590,91,179,33,1,33,107,0,1,52,168,0.303,0.367,0.531,0.898,135,0.386,137,313,11,12,0,8,2,*53/H9,"MVP-7,SS"
23,José Abreu,34,CHW,AL,3,152,659,566,86,148,30,2,30,117,1,0,61,143,0.261,0.351,0.481,0.831,124,0.358,124,272,28,22,0,10,3,*3D/5,MVP-14
24,Carlos Santana#,35,KCR,AL,-0.1,158,659,565,66,121,15,0,19,69,2,0,86,102,0.214,0.319,0.342,0.66,81,0.299,81,193,12,3,0,5,3,*3D/H,
25,Juan Soto*,22,WSN,NL,7.3,151,654,502,111,157,20,2,29,95,9,7,145,93,0.313,0.465,0.534,0.999,175,0.424,177,268,23,2,0,5,23,*9/HD,"AS,MVP-2,SS"
26,Nolan Arenado,30,STL,NL,4.3,157,653,593,81,151,34,3,34,105,2,0,50,96,0.255,0.312,0.494,0.807,119,0.344,116,293,20,3,0,7,8,*5/D,"AS,GG"
27,Dansby Swanson,27,ATL,NL,2.3,160,653,588,78,146,33,2,27,88,9,3,52,167,0.248,0.311,0.449,0.76,99,0.334,99,264,7,5,1,7,4,*6/H,
28,Ty France,26,SEA,AL,4.2,152,650,571,85,166,32,1,18,73,0,0,46,106,0.291,0.368,0.445,0.813,128,0.36,134,254,13,27,0,6,1,3D4/5H,
29,Bryan Reynolds#,26,PIT,NL,6,159,646,559,93,169,35,8,24,90,5,2,75,119,0.302,0.39,0.522,0.912,145,0.394,147,292,10,8,0,4,9,*87/HD,"AS,MVP-11"
30,Trea Turner,28,2TM,NL,6.5,148,646,595,107,195,34,3,28,77,32,5,41,110,0.328,0.375,0.536,0.911,145,0.396,144,319,18,6,0,4,2,64/H,"AS,MVP-5"
31,Jorge Polanco#,27,MIN,AL,5,152,644,588,97,158,35,2,33,98,11,6,45,118,0.269,0.323,0.503,0.826,125,0.352,125,296,4,5,0,6,0,*46/DH,
32,Jake Cronenworth*,27,SDP,NL,4.8,152,643,567,94,151,33,7,21,71,4,3,55,90,0.266,0.34,0.46,0.8,122,0.35,124,261,8,10,3,3,6,463/H1,AS
33,Nathaniel Lowe*,25,TEX,AL,2.3,157,642,557,75,147,24,3,18,72,8,0,80,162,0.264,0.357,0.415,0.771,112,0.344,115,231,13,2,0,3,2,*3/DH5,
34,Carlos Correa,26,HOU,AL,7.3,148,640,555,104,155,34,1,26,92,0,0,75,116,0.279,0.366,0.485,0.85,131,0.369,133,269,16,4,0,6,2,*6,"AS,MVP-5,GG"
35,Manny Machado,28,SDP,NL,5,153,640,564,92,157,31,2,28,106,12,3,63,102,0.278,0.347,0.489,0.836,131,0.359,128,276,10,2,0,11,10,*5/HD,"AS,MVP-18"
36,Shohei Ohtani*,26,LAA,AL,4.9,155,639,537,103,138,26,8,46,100,26,10,96,189,0.257,0.372,0.592,0.965,157,0.399,153,318,7,4,0,2,20,*D1/H97,"AS,MVP-1,SS"
37,Adam Frazier*,29,2TM,NL,4,155,639,577,83,176,36,5,5,43,10,5,48,69,0.305,0.368,0.411,0.779,114,0.342,113,237,10,10,3,1,2,*4H7/D,AS
38,Myles Straw,26,2TM,AL,3.3,158,638,564,86,153,29,1,4,48,30,6,67,121,0.271,0.349,0.348,0.696,93,0.326,99,196,13,2,1,4,0,*8/H,
39,Pete Alonso,26,NYM,NL,4.1,152,637,561,81,147,27,3,37,94,3,0,60,127,0.262,0.344,0.519,0.863,133,0.377,137,291,20,12,0,4,6,*3/DH,
40,César Hernández#,31,2TM,AL,0.5,149,637,570,84,132,21,2,21,62,1,1,59,135,0.232,0.308,0.386,0.694,90,0.305,88,220,11,5,0,3,2,*4/D6,
41,José Ramírez#,28,CLE,AL,6.7,152,636,552,111,147,32,5,36,103,27,4,72,87,0.266,0.355,0.538,0.893,142,0.378,137,297,13,7,0,5,10,*5D/H,"AS,MVP-6"
42,J.D. Martinez,33,BOS,AL,3.2,148,634,570,92,163,42,3,28,99,0,0,55,150,0.286,0.349,0.518,0.867,128,0.369,128,295,18,3,0,5,6,*D7/9,AS
43,Aaron Judge,29,NYY,AL,5.9,148,633,550,89,158,24,0,39,98,6,1,75,158,0.287,0.373,0.544,0.916,149,0.392,150,299,16,3,0,5,2,*98D/H,"AS,MVP-4,SS"
44,Jonathan India,24,CIN,NL,4.1,150,631,532,98,143,34,2,21,69,12,3,71,141,0.269,0.376,0.459,0.835,116,0.377,123,244,13,23,1,4,1,*4/H,ROY-1
45,Jeimer Candelario#,27,DET,AL,3.6,149,626,557,75,151,42,3,16,67,0,0,65,135,0.271,0.351,0.443,0.795,121,0.348,123,247,10,4,0,0,1,*5/D,
46,Mark Canha,32,OAK,AL,2.7,141,625,519,93,120,22,4,17,61,12,2,77,128,0.231,0.358,0.387,0.746,111,0.348,123,201,9,27,0,2,0,*798/D3H,
47,Matt Chapman,28,OAK,AL,3.4,151,622,529,75,111,15,3,27,72,3,2,80,202,0.21,0.314,0.403,0.716,100,0.31,98,213,6,4,0,9,0,*5/6H,GG
48,Adolis García,28,TEX,AL,3.9,149,622,581,77,141,26,2,31,90,16,5,32,194,0.243,0.286,0.454,0.741,100,0.321,99,264,15,5,0,4,0,*89D/7H,"AS,ROY-4"
49,Dylan Carlson#,22,STL,NL,3.2,149,619,542,79,144,31,4,18,65,2,1,57,152,0.266,0.343,0.437,0.78,115,0.343,116,237,5,11,1,8,2,*98/7H,ROY-3
50,Trey Mancini,29,BAL,AL,1,147,616,556,77,142,33,1,21,71,0,0,51,143,0.255,0.326,0.432,0.758,106,0.327,104,240,19,8,0,1,4,3D/H,
51,Yoán Moncada#,26,CHW,AL,4.1,144,616,520,74,137,33,1,14,61,3,2,84,157,0.263,0.375,0.412,0.787,116,0.346,116,214,6,10,0,2,1,*5/D,
52,Joey Gallo*,27,2TM,AL,4.5,153,616,498,90,99,13,1,38,77,6,0,111,213,0.199,0.351,0.458,0.808,121,0.348,118,228,6,6,0,1,5,*97D/H,"AS,GG"
53,Brandon Lowe*,26,TBR,AL,4.6,149,615,535,97,132,31,0,39,99,7,1,68,167,0.247,0.34,0.523,0.863,140,0.366,137,280,2,9,0,3,4,*4H7/9D3,MVP-10
54,Justin Turner,36,LAD,NL,3.5,151,612,533,87,148,22,0,27,87,3,0,61,98,0.278,0.361,0.471,0.832,120,0.37,125,251,12,12,0,6,0,*5H/D1,AS
55,Yuli Gurriel,37,HOU,AL,3.8,143,605,530,83,169,31,0,15,81,1,1,59,68,0.319,0.383,0.462,0.846,131,0.362,128,245,16,4,0,12,2,*3/5D,GG
56,Randy Arozarena,26,TBR,AL,4.2,141,604,529,94,145,32,3,20,69,20,10,56,170,0.274,0.356,0.459,0.815,129,0.351,129,243,9,14,0,5,4,*79D/H8,ROY-1
57,Alex Verdugo*,25,BOS,AL,2.2,146,604,544,88,157,32,2,13,63,6,2,51,96,0.289,0.351,0.426,0.777,107,0.334,103,232,11,4,0,5,6,*789/HD,
58,Xander Bogaerts,28,BOS,AL,5.2,144,603,529,90,156,34,1,23,79,5,1,62,113,0.295,0.37,0.493,0.863,129,0.379,134,261,13,5,0,7,2,*6/DH,"AS,MVP-12,SS"
59,Jorge Soler,29,2TM,2LG,0.1,149,602,516,74,115,27,0,27,70,0,0,67,142,0.223,0.316,0.432,0.749,99,0.332,102,223,12,6,0,5,0,9D/H,
60,Bryce Harper*,28,PHI,NL,5.9,141,599,488,101,151,42,1,35,84,13,3,100,134,0.309,0.429,0.615,1.044,179,0.438,178,300,12,5,2,4,14,*9/D3,"MVP-1,SS"
61,Eduardo Escobar#,32,2TM,NL,2.5,146,599,549,77,139,26,5,28,90,1,0,48,124,0.253,0.314,0.472,0.786,109,0.343,110,259,3,1,0,1,1,543/H6,AS
62,Yordan Alvarez*,24,HOU,AL,3.1,144,598,537,92,149,35,1,33,104,1,0,50,145,0.277,0.346,0.531,0.877,136,0.369,133,285,16,8,0,3,3,D7/H,
63,Ryan McMahon*,26,COL,NL,4,151,596,528,80,134,32,1,23,86,6,2,59,147,0.254,0.331,0.449,0.779,98,0.338,94,237,14,4,0,5,2,*54H,
64,Teoscar Hernández,28,TOR,AL,3.5,143,595,550,92,163,29,0,32,116,12,4,36,148,0.296,0.346,0.524,0.87,131,0.38,137,288,5,7,0,2,1,*97D/8H,"AS,MVP-19,SS"
65,Trevor Story,28,COL,NL,4.3,142,595,526,88,132,34,5,24,75,20,6,53,139,0.251,0.329,0.471,0.801,102,0.354,104,248,7,11,0,5,2,*6/HD,
66,Max Muncy*,30,LAD,NL,4.6,144,592,497,95,124,26,2,36,94,2,1,83,120,0.249,0.368,0.527,0.895,135,0.385,137,262,7,11,0,1,5,*34/5HD,"AS,MVP-10"
67,Austin Meadows*,26,TBR,AL,2,142,591,518,79,121,29,3,27,106,4,3,59,122,0.234,0.315,0.458,0.772,115,0.331,114,237,4,6,0,8,3,7DH/9,MVP-20
68,Amed Rosario,25,CLE,AL,1.9,141,588,550,77,155,25,6,11,57,13,0,31,120,0.282,0.321,0.409,0.731,100,0.324,99,225,12,3,0,4,0,*68/HD,
69,Ryan Mountcastle,24,BAL,AL,1.1,144,586,534,77,136,23,1,33,89,4,3,41,161,0.255,0.309,0.487,0.796,114,0.336,111,260,12,4,0,7,2,3D7/H,ROY-6
70,Kris Bryant,29,2TM,NL,3.3,144,586,513,86,136,32,2,25,73,10,2,62,135,0.265,0.353,0.481,0.835,124,0.368,128,247,9,9,0,2,4,57983/H6,AS
71,Nick Castellanos,29,CIN,NL,3.1,138,585,531,95,164,38,1,34,100,3,1,41,121,0.309,0.362,0.576,0.939,138,0.398,140,306,16,7,0,6,5,*9/DH,"AS,MVP-12,SS"
72,Kiké Hernández,29,BOS,AL,4.9,134,585,508,84,127,35,3,20,60,1,0,61,110,0.25,0.337,0.449,0.786,108,0.344,110,228,4,9,0,7,0,84/6H,
73,Jared Walsh*,27,LAA,AL,2.7,144,585,530,70,147,34,1,29,98,2,1,48,152,0.277,0.34,0.509,0.85,127,0.359,124,270,7,4,0,3,6,*39/H,AS
74,Nelson Cruz,40,2TM,AL,2.5,140,584,513,79,136,21,1,32,86,3,0,51,126,0.265,0.334,0.497,0.832,129,0.353,127,255,14,7,0,9,10,*D/H3,AS
75,Charlie Blackmon*,34,COL,NL,1,150,582,514,76,139,25,4,13,78,3,0,54,91,0.27,0.351,0.411,0.761,95,0.34,95,211,8,11,0,3,1,*9H/D,
76,Chris Taylor,30,LAD,NL,2.5,148,582,507,92,129,25,4,20,73,13,1,63,167,0.254,0.344,0.438,0.782,107,0.349,108,222,5,8,1,3,2,84765/H9,AS
77,Giancarlo Stanton,31,NYY,AL,3.1,139,579,510,64,139,19,0,35,97,0,0,63,157,0.273,0.354,0.516,0.87,136,0.376,139,263,22,3,0,3,1,D97/H,
78,Anthony Rizzo*,31,2TM,2LG,2,141,576,496,73,123,23,3,22,61,6,2,52,87,0.248,0.344,0.44,0.783,112,0.35,117,218,15,23,0,5,2,*3/H14,
79,Andrew McCutchen,34,PHI,NL,1.2,144,574,482,78,107,24,1,27,80,6,1,81,132,0.222,0.334,0.444,0.778,109,0.342,109,214,10,4,0,7,2,*7H/D,
80,Eugenio Suárez,29,CIN,NL,-0.5,145,574,505,71,100,23,0,31,79,0,1,56,171,0.198,0.286,0.428,0.713,82,0.31,78,216,14,8,0,5,0,56H,
81,Hunter Renfroe,29,BOS,AL,2.4,144,572,521,89,135,33,0,31,96,1,2,44,130,0.259,0.315,0.501,0.816,114,0.35,115,261,6,1,0,6,0,*9/8HD,
82,Luis Urías,24,MIL,NL,3.3,150,570,490,77,122,25,1,23,75,5,1,63,116,0.249,0.345,0.445,0.789,112,0.348,114,218,9,10,1,3,3,564H,
83,Josh Bell#,28,WSN,NL,3.1,144,568,498,75,130,24,1,27,88,0,0,65,101,0.261,0.347,0.476,0.823,124,0.37,134,237,22,2,0,3,2,*3H/7D9,
84,Jean Segura,31,PHI,NL,3.8,131,567,514,76,149,27,3,14,58,9,3,39,78,0.29,0.348,0.436,0.784,111,0.35,115,224,16,9,1,4,3,*4/H6,
85,Kyle Tucker*,24,HOU,AL,5.3,140,567,506,83,149,37,3,30,92,14,2,53,90,0.294,0.359,0.557,0.917,147,0.39,146,282,10,1,0,5,5,*9/8DH,MVP-20
86,Eric Hosmer*,31,SDP,NL,1.2,151,565,509,53,137,28,0,12,65,5,4,48,99,0.269,0.337,0.395,0.732,104,0.325,107,201,13,5,1,2,2,*3H/D,
87,Nicky Lopez*,26,KCR,AL,4.4,151,565,497,78,149,21,6,2,43,22,1,49,74,0.3,0.365,0.378,0.744,104,0.339,104,188,9,4,12,3,0,*6/4H,
88,Tommy Pham,33,SDP,NL,1.5,155,561,475,74,109,24,2,15,49,14,6,78,128,0.229,0.34,0.383,0.724,103,0.328,108,182,10,4,0,4,3,*7H8/D9,
89,Josh Harrison,33,2TM,2LG,2,138,558,505,58,141,33,2,8,60,9,5,31,75,0.279,0.341,0.4,0.741,106,0.332,110,202,9,18,0,3,0,457/6H89,
90,Adam Duvall,32,2TM,NL,2.9,146,555,513,67,117,17,2,38,113,5,0,35,174,0.228,0.281,0.491,0.772,102,0.333,100,252,7,4,0,3,1,*978H,GG
91,Willy Adames,25,2TM,2LG,4.2,140,555,497,77,130,32,1,25,73,5,4,57,156,0.262,0.337,0.481,0.818,121,0.358,125,239,9,0,0,1,1,*6/HD,MVP-16
92,Kevin Newman,27,PIT,NL,0.6,148,554,517,50,117,22,3,5,39,6,1,27,41,0.226,0.265,0.309,0.574,55,0.257,48,160,7,1,6,3,3,*64H,
93,Tim Anderson,28,CHW,AL,4.5,123,551,527,94,163,29,2,17,61,18,7,22,119,0.309,0.338,0.469,0.806,118,0.357,123,247,5,1,0,1,1,*6,AS
94,Mookie Betts,28,LAD,NL,4.1,122,550,466,93,123,29,3,23,58,10,5,68,86,0.264,0.367,0.487,0.854,126,0.38,133,227,5,11,0,5,2,*98/4H,AS
95,Josh Rojas*,27,ARI,NL,0.8,139,550,484,69,128,32,3,11,44,9,4,58,137,0.264,0.341,0.411,0.752,103,0.335,105,199,7,0,1,3,1,4697H5,
96,Brandon Crawford*,34,SFG,NL,6.1,138,549,483,79,144,30,3,24,90,11,3,56,105,0.298,0.373,0.522,0.895,141,0.389,143,252,8,5,0,5,6,*6/H,"AS,MVP-4,GG"
97,C.J. Cron,31,COL,NL,3.4,142,547,470,70,132,31,1,28,92,1,0,60,117,0.281,0.375,0.53,0.905,129,0.393,133,249,11,13,0,4,3,*3H/D,
98,Javier Báez,28,2TM,NL,4.3,138,547,502,80,133,18,2,31,87,18,5,28,184,0.265,0.319,0.494,0.813,117,0.358,120,248,12,13,0,3,2,64/H,
99,Fernando Tatis Jr.,22,SDP,NL,6.6,130,546,478,99,135,31,0,42,97,25,4,62,153,0.282,0.364,0.611,0.975,166,0.419,168,292,5,2,0,4,6,69/8HD,"AS,MVP-3,SS"
100,Randal Grichuk,29,TOR,AL,0.8,149,545,511,59,123,25,1,22,81,0,3,27,114,0.241,0.281,0.423,0.703,87,0.299,83,216,17,3,0,4,0,*89D/H,
101,Pavin Smith*,25,ARI,NL,-0.1,145,545,498,68,133,27,4,11,49,1,0,42,106,0.267,0.328,0.404,0.732,98,0.323,96,201,11,4,0,1,1,398H7,
102,Josh Donaldson,35,MIN,AL,3,135,543,457,73,113,26,0,26,72,0,0,74,114,0.247,0.352,0.475,0.827,127,0.354,126,217,22,4,0,8,2,5D/H,
103,Hunter Dozier,29,KCR,AL,-2.4,144,543,487,55,105,27,6,16,54,5,4,43,154,0.216,0.285,0.394,0.68,83,0.289,76,192,12,7,0,6,0,9537D/H,
104,Elvis Andrus,32,OAK,AL,0.6,146,541,497,60,121,25,2,3,37,12,2,31,81,0.243,0.294,0.32,0.614,73,0.285,78,159,14,6,3,4,2,*6/H,
105,Yandy Díaz,29,TBR,AL,1.6,134,541,465,62,119,20,1,13,64,1,1,69,85,0.256,0.353,0.387,0.74,110,0.332,115,180,11,3,0,4,4,35/HD4,
106,Lourdes Gurriel Jr.,27,TOR,AL,2.5,141,541,500,62,138,28,2,21,84,1,3,32,102,0.276,0.319,0.466,0.785,109,0.34,112,233,8,2,1,6,1,*7D3/H,
107,Miguel Rojas,32,MIA,NL,2.6,132,539,495,66,131,30,3,9,48,13,3,37,74,0.265,0.322,0.392,0.713,93,0.322,94,194,10,5,1,1,0,*6/H,
108,Andrew Benintendi*,26,KCR,AL,2.9,134,538,493,63,136,27,2,17,73,8,9,36,97,0.276,0.324,0.442,0.766,106,0.329,107,218,2,2,1,6,0,*7/H,GG
109,David Peralta*,33,ARI,NL,1.2,150,538,487,57,126,30,8,8,63,2,1,46,92,0.259,0.325,0.402,0.728,96,0.319,94,196,9,3,0,2,3,*7H/1D,
110,Tyler O'Neill,26,STL,NL,6.4,138,537,482,89,138,26,2,34,80,15,4,38,168,0.286,0.352,0.56,0.912,148,0.399,154,270,8,13,0,4,0,*7/HD,"MVP-8,GG"
111,J.T. Realmuto,30,PHI,NL,3.5,134,537,476,64,125,25,4,17,73,13,3,48,129,0.263,0.343,0.439,0.782,110,0.347,111,209,8,11,0,2,5,*23/HD,AS
112,Ian Happ#,26,CHC,NL,1.6,148,535,465,63,105,20,1,25,66,9,2,62,156,0.226,0.323,0.434,0.757,103,0.338,106,202,12,5,2,1,0,*78H9/45D,
113,Raimel Tapia*,27,COL,NL,0.9,133,533,487,69,133,26,2,6,50,20,6,40,70,0.273,0.327,0.372,0.699,79,0.316,77,181,8,1,1,4,2,*7H/98,
114,Joey Votto*,37,CIN,NL,3.3,129,533,448,73,119,23,1,36,99,1,0,77,127,0.266,0.375,0.563,0.938,139,0.397,139,252,7,4,0,4,6,*3/DH,MVP-16
115,Miguel Sanó,28,MIN,AL,0.9,135,532,470,68,105,24,0,30,75,2,1,59,183,0.223,0.312,0.466,0.778,112,0.339,115,219,13,2,0,1,2,*3D/5H,
116,Mike Yastrzemski*,30,SFG,NL,2.5,139,532,468,75,105,28,3,25,71,4,0,51,131,0.224,0.311,0.457,0.768,106,0.332,103,214,3,9,1,3,4,*98H,
117,Kyle Farmer,30,CIN,NL,1.2,147,529,483,60,127,22,2,16,63,2,3,22,97,0.263,0.316,0.416,0.732,88,0.32,85,201,16,18,1,5,1,*65/4H37,
118,Austin Hays,25,BAL,AL,3.4,131,529,488,73,125,26,4,22,71,4,3,28,107,0.256,0.308,0.461,0.769,107,0.33,106,225,9,9,3,1,0,*79/H8,
119,Michael A. Taylor,30,KCR,AL,3,142,528,483,58,118,16,1,12,54,14,7,33,144,0.244,0.297,0.356,0.653,77,0.29,76,172,9,5,2,5,0,*8/HD,GG
120,Trent Grisham*,24,SDP,NL,3.1,132,527,462,61,112,28,3,15,62,13,5,54,119,0.242,0.327,0.413,0.74,106,0.329,107,191,10,6,1,4,2,*8H,
121,Miguel Cabrera,38,DET,AL,-0.5,130,526,472,48,121,16,0,15,75,0,0,40,118,0.256,0.316,0.386,0.701,95,0.309,95,182,21,5,0,9,0,D3/H,
122,Starling Marte,32,2TM,2LG,4.8,120,526,467,89,145,27,3,12,55,47,5,43,99,0.31,0.383,0.458,0.841,132,0.388,136,214,6,13,1,2,2,*8/H,
123,Francisco Lindor#,27,NYM,NL,3,125,524,452,73,104,16,3,20,63,10,4,58,96,0.23,0.322,0.412,0.734,100,0.325,100,186,7,5,6,3,4,*6/H,
124,Gleyber Torres,24,NYY,AL,0.7,127,516,459,50,119,22,0,9,51,14,6,50,104,0.259,0.331,0.366,0.697,93,0.312,94,168,12,1,2,4,1,64/H,
125,Avisaíl García,30,MIL,NL,3.1,135,515,461,68,121,18,0,29,86,8,4,38,121,0.262,0.33,0.49,0.82,119,0.357,121,226,12,11,0,5,5,*9H/8,
126,Jed Lowrie#,37,OAK,AL,0.2,139,512,457,55,112,28,0,14,69,0,0,49,108,0.245,0.318,0.398,0.717,101,0.318,103,182,8,2,0,4,1,4DH/5,
127,Nick Solak,26,TEX,AL,1,127,511,458,57,111,18,2,11,49,7,5,34,107,0.242,0.314,0.362,0.677,87,0.303,89,166,11,15,2,2,0,*4/DH,
128,Jose Iglesias,31,2TM,AL,-0.8,137,511,483,65,131,27,2,9,48,5,2,21,75,0.271,0.309,0.391,0.701,89,0.303,84,189,10,6,0,1,0,*64/HD,
129,Jesús Aguilar,31,MIA,NL,1.3,131,510,449,49,117,23,0,22,93,0,0,46,93,0.261,0.329,0.459,0.788,111,0.338,107,206,11,3,0,7,4,*3H/D5,
130,Michael Brantley*,34,HOU,AL,2.2,121,508,469,68,146,29,3,8,47,1,0,33,53,0.311,0.362,0.437,0.799,119,0.353,122,205,11,5,0,1,1,7D/9H,AS
131,Jazz Chisholm Jr.*,23,MIA,NL,2.2,124,507,464,70,115,20,4,18,53,23,8,34,145,0.248,0.303,0.425,0.728,95,0.323,95,197,3,4,2,3,0,46/H,
132,Jonathan Villar#,30,NYM,NL,1.8,142,505,454,63,113,18,2,18,42,14,7,46,132,0.249,0.322,0.416,0.738,101,0.323,100,189,6,3,2,0,2,56H/4,
133,Will Smith,26,LAD,NL,3.3,130,501,414,71,107,19,2,25,76,3,0,58,101,0.258,0.365,0.495,0.86,127,0.374,128,205,11,18,0,11,4,*2H/D35,
134,Joey Wendle*,31,TBR,AL,3.8,136,501,460,73,122,31,4,11,54,8,6,28,113,0.265,0.319,0.422,0.741,108,0.323,110,194,9,10,0,3,4,564H,AS
135,Wil Myers,30,SDP,NL,1.1,146,500,442,56,113,24,2,17,63,8,5,54,141,0.256,0.334,0.434,0.768,113,0.333,112,192,9,0,0,4,2,*9H7/D,
136,Christian Vázquez,30,BOS,AL,1.2,138,498,458,51,118,23,1,6,49,8,4,33,84,0.258,0.308,0.352,0.659,77,0.292,74,161,15,2,1,4,0,*2/HD453,
137,Garrett Hampson,26,COL,NL,0.7,147,494,453,69,106,21,6,11,33,17,7,33,118,0.234,0.289,0.38,0.669,70,0.294,62,172,6,3,3,2,2,84H/65,
138,Dominic Smith*,26,NYM,NL,-0.7,145,493,446,43,109,20,0,11,58,2,1,32,112,0.244,0.304,0.363,0.667,83,0.295,80,162,13,9,0,6,2,*7H3/D,
139,Odúbel Herrera*,29,PHI,NL,1.8,124,492,450,59,117,27,2,13,51,6,1,29,77,0.26,0.31,0.416,0.726,95,0.327,98,187,6,6,1,5,0,*87/H9,
140,Kolten Wong*,30,MIL,NL,3.3,116,492,445,70,121,32,2,14,50,12,5,31,83,0.272,0.335,0.447,0.783,110,0.346,113,199,2,13,0,3,1,*4/H,
141,Max Kepler*,28,MIN,AL,1.9,121,490,426,61,90,21,4,19,54,10,0,54,96,0.211,0.306,0.413,0.719,98,0.317,96,176,2,6,0,4,3,*98/HD,
142,Jesse Winker*,27,CIN,NL,2.7,110,485,423,77,129,32,1,24,71,1,0,53,75,0.305,0.394,0.556,0.949,143,0.41,148,235,14,9,0,0,1,7/9DH8,AS
143,Willson Contreras,29,CHC,NL,4.2,128,483,413,61,98,20,0,21,57,5,4,52,138,0.237,0.34,0.438,0.778,109,0.348,115,181,11,14,0,4,1,*2H/57,
144,Joc Pederson*,29,2TM,NL,-0.1,137,481,429,55,102,19,3,18,61,2,3,39,117,0.238,0.31,0.422,0.732,95,0.32,94,181,9,8,0,5,0,*798H/3D,
145,Luis Arráez*,24,MIN,AL,3.2,121,479,428,58,126,17,6,2,42,2,2,43,48,0.294,0.357,0.376,0.733,105,0.327,107,161,9,2,0,6,2,547H/D,
146,Michael Conforto*,28,NYM,NL,0.5,125,479,406,52,94,20,0,14,55,1,0,59,104,0.232,0.344,0.384,0.729,100,0.328,103,156,14,12,0,2,3,*9H/D,
147,Christian Yelich*,29,MIL,NL,1.3,117,475,399,70,99,19,2,9,51,9,3,70,113,0.248,0.362,0.373,0.736,101,0.332,102,149,5,3,0,3,5,7H/D9,
148,Leury García#,30,CHW,AL,2.1,126,474,415,60,111,22,4,5,54,6,2,41,97,0.267,0.335,0.376,0.711,95,0.32,97,156,12,4,9,5,0,497865/H,
149,Nick Ahmed,31,ARI,NL,0.8,129,473,434,46,96,30,3,5,38,7,2,34,104,0.221,0.28,0.339,0.619,67,0.28,65,147,9,2,2,1,3,*6/H,
150,Yadier Molina,38,STL,NL,1.7,121,473,440,45,111,19,0,11,66,3,0,24,79,0.252,0.297,0.37,0.667,84,0.3,84,163,16,5,0,3,1,*2/H3,AS
151,Kyle Schwarber*,28,2TM,2LG,3.5,113,471,399,76,106,19,0,32,71,1,1,64,127,0.266,0.374,0.554,0.928,149,0.404,156,221,4,6,0,2,1,7D3/H,AS
152,Andrew Vaughn,23,CHW,AL,0.3,127,469,417,56,98,22,0,15,48,1,1,41,101,0.235,0.309,0.396,0.705,91,0.322,100,165,14,6,0,5,0,793/HD54,
153,Franmil Reyes,25,CLE,AL,1.7,115,466,418,57,106,18,2,30,85,4,1,43,149,0.254,0.324,0.522,0.846,128,0.355,124,218,13,2,0,3,3,D9/H,
154,Manuel Margot,26,TBR,AL,3,125,464,421,55,107,18,3,10,57,13,8,37,70,0.254,0.313,0.382,0.696,96,0.306,98,161,4,1,1,4,2,*978H/D,
155,Akil Baddoo*,22,DET,AL,2.1,124,461,413,60,107,20,7,13,55,18,4,45,122,0.259,0.33,0.436,0.766,112,0.333,109,180,5,0,0,3,1,*87H/9D,
156,Brett Gardner*,37,NYY,AL,0.9,140,461,387,47,86,16,4,10,39,4,0,60,100,0.222,0.327,0.362,0.689,90,0.309,90,140,3,3,5,6,0,*87/H,
157,Tyler Naquin*,30,CIN,NL,0.6,127,454,411,52,111,24,2,19,70,5,3,35,106,0.27,0.333,0.477,0.809,107,0.354,109,196,9,5,0,3,1,*879H,
158,Buster Posey,34,SFG,NL,3.6,113,454,395,68,120,23,0,18,56,0,0,56,87,0.304,0.39,0.499,0.889,140,0.386,142,197,15,1,0,2,5,2H/D,"AS,MVP-21,SS"
159,Bobby Dalbec,26,BOS,AL,0.3,133,453,417,50,100,21,5,25,78,2,0,28,156,0.24,0.298,0.494,0.792,107,0.332,101,206,3,7,0,1,1,*35H/6D,
160,Andrelton Simmons,31,MIN,AL,1.3,131,451,412,37,92,12,0,3,31,1,0,32,62,0.223,0.283,0.274,0.558,57,0.253,54,113,14,3,3,1,0,*6/H,
161,Willi Castro#,24,DET,AL,-0.7,125,450,413,56,91,15,6,9,38,9,4,23,109,0.22,0.273,0.351,0.624,73,0.273,70,145,5,8,3,3,1,467H/D,
162,Sean Murphy,26,OAK,AL,2.8,119,448,393,47,85,23,0,17,59,0,0,40,114,0.216,0.306,0.405,0.71,98,0.314,101,159,7,12,0,3,0,*2/HD,GG
163,Omar Narváez*,29,MIL,NL,1.5,123,445,391,54,104,20,0,11,49,0,0,41,84,0.266,0.342,0.402,0.743,101,0.326,99,157,13,7,0,6,3,*2H/4D,AS
164,Christian Walker,30,ARI,NL,0.6,115,445,401,55,98,23,1,10,46,0,0,38,106,0.244,0.315,0.382,0.696,88,0.307,86,153,8,4,0,2,1,3H/D,
165,Rhys Hoskins,28,PHI,NL,2.1,107,443,389,64,96,29,0,27,71,3,2,47,108,0.247,0.334,0.53,0.864,129,0.378,136,206,7,5,0,2,0,3/HD,
166,Gio Urshela,29,NYY,AL,0.6,116,442,420,42,112,18,2,14,49,1,0,20,109,0.267,0.301,0.419,0.72,96,0.313,95,176,16,1,0,1,0,56/H,
167,Gary Sánchez,28,NYY,AL,0.7,117,440,383,54,78,13,1,23,54,0,0,52,121,0.204,0.307,0.423,0.73,99,0.315,96,162,14,5,0,0,3,*2H/D,
168,Anthony Santander#,26,BAL,AL,0.4,110,438,406,54,98,24,0,18,50,1,1,23,101,0.241,0.286,0.433,0.72,94,0.306,90,176,11,4,1,4,0,9D/H7,
169,Wilmer Flores,29,SFG,NL,1.8,139,436,389,57,102,16,1,18,53,1,0,41,56,0.262,0.335,0.447,0.782,111,0.348,115,174,11,3,0,3,0,5H34/D,
170,Jackie Bradley Jr.*,31,MIL,NL,-0.7,134,428,387,39,63,14,3,6,29,7,1,28,132,0.163,0.236,0.261,0.497,35,0.236,33,101,8,10,0,3,0,*8H97,
171,Jacob Stallings,31,PIT,NL,3,112,427,374,38,92,20,1,8,53,0,0,49,85,0.246,0.335,0.369,0.704,91,0.32,94,138,10,2,0,2,0,2/H3,GG
172,Martín Maldonado,34,HOU,AL,0,125,426,373,40,64,10,1,12,36,0,0,47,127,0.172,0.272,0.3,0.573,58,0.266,61,112,9,5,0,1,1,*2/3H,
173,Jeff McNeil*,29,NYM,NL,1.4,120,426,386,48,97,19,1,7,35,3,0,29,58,0.251,0.319,0.36,0.679,87,0.308,88,139,10,10,0,1,0,47H/5D,
174,AJ Pollock,33,LAD,NL,3,117,422,384,53,114,27,1,21,69,9,1,30,80,0.297,0.355,0.536,0.892,134,0.383,133,206,4,6,0,2,4,7H/8,
175,Pedro Severino,27,BAL,AL,1.1,113,419,379,32,94,18,0,11,46,0,0,34,109,0.248,0.308,0.383,0.69,88,0.306,89,145,9,1,0,5,1,*2/DH,
176,Alec Bohm,24,PHI,NL,-1.2,115,417,380,46,94,15,0,7,47,4,0,31,111,0.247,0.305,0.342,0.647,75,0.298,77,130,12,2,0,4,0,5/H3,
177,Brendan Rodgers,24,COL,NL,1.4,102,415,387,49,110,21,3,15,51,0,0,19,84,0.284,0.328,0.47,0.798,102,0.347,101,182,8,7,0,2,0,46/H,
178,James McCann,31,NYM,NL,-0.3,121,412,375,29,87,12,1,10,46,1,2,32,115,0.232,0.294,0.349,0.643,76,0.282,72,131,12,2,0,3,1,2H/3D,
179,Jurickson Profar#,28,SDP,NL,0,137,412,353,47,80,17,2,4,33,10,5,49,65,0.227,0.329,0.32,0.649,83,0.303,90,113,12,6,1,2,1,7H9384,
180,Eddie Rosario*,29,2TM,2LG,1.1,111,412,379,42,98,19,3,14,62,11,3,26,61,0.259,0.305,0.435,0.74,99,0.322,96,165,4,1,2,4,0,7/HD9,
181,Corey Seager*,27,LAD,NL,3.4,95,409,353,54,108,22,3,16,57,1,1,48,66,0.306,0.394,0.521,0.915,142,0.394,143,184,8,5,0,3,2,6/H,
182,Didi Gregorius*,31,PHI,NL,-1,103,408,368,35,77,16,2,13,54,3,0,25,67,0.209,0.27,0.37,0.639,71,0.279,64,136,8,8,0,7,1,6/H,
183,Maikel Franco,28,BAL,AL,-1.4,104,403,377,31,79,22,0,11,47,0,0,20,67,0.21,0.253,0.355,0.609,65,0.266,60,134,12,3,0,3,0,5/DH3,
184,Paul DeJong,27,STL,NL,1.5,113,402,356,44,70,10,1,19,45,4,1,35,103,0.197,0.284,0.39,0.674,85,0.298,83,139,6,9,0,2,0,6/H,
185,Tyler Stephenson,24,CIN,NL,2,132,402,350,56,100,21,0,10,45,0,0,41,75,0.286,0.366,0.431,0.797,106,0.355,109,151,11,6,0,5,1,2H3/7,ROY-6
186,Harrison Bader,27,STL,NL,4.1,103,401,367,45,98,21,1,16,50,9,4,27,85,0.267,0.324,0.46,0.785,114,0.334,110,169,4,5,0,2,6,8,GG
187,Alex Bregman,27,HOU,AL,2.3,91,400,348,54,94,17,0,12,55,1,0,44,53,0.27,0.355,0.422,0.777,113,0.34,113,147,13,4,0,4,4,5/H,
188,Ben Gamel*,29,2TM,2LG,-0.1,122,400,340,43,84,18,3,8,26,3,6,51,105,0.247,0.347,0.388,0.735,100,0.322,100,132,7,3,2,4,2,7H89/3,
189,Tony Kemp*,29,OAK,AL,3.3,131,397,330,54,92,16,3,8,37,8,2,52,51,0.279,0.382,0.418,0.8,126,0.359,131,138,2,6,4,5,0,47H/D6,
190,Ke'Bryan Hayes,24,PIT,NL,2.3,96,396,362,49,93,20,2,6,38,9,1,31,87,0.257,0.316,0.373,0.689,86,0.308,83,135,11,1,0,2,0,5/H,
191,Freddy Galvis#,31,2TM,2LG,1.3,104,394,356,53,86,15,1,14,40,1,0,27,77,0.242,0.302,0.407,0.709,92,0.311,90,145,6,5,2,3,1,65/H43,
192,Kevin Kiermaier*,31,TBR,AL,3.4,122,390,348,54,90,19,7,4,37,9,5,33,99,0.259,0.328,0.388,0.716,102,0.313,102,135,4,5,0,4,2,*8/HD,
193,Tucker Barnhart*,30,CIN,NL,0.3,116,388,348,41,86,21,0,7,48,0,0,29,100,0.247,0.317,0.368,0.685,77,0.304,73,128,8,8,0,3,1,2H/3,
194,Brandon Nimmo*,28,NYM,NL,3.5,92,386,325,51,95,17,3,8,28,5,4,54,79,0.292,0.401,0.437,0.838,131,0.372,137,142,3,5,2,0,0,87/H,
195,Gregory Polanco*,29,PIT,NL,-1.6,107,382,336,38,70,12,2,11,36,14,1,36,104,0.208,0.283,0.354,0.637,72,0.285,64,119,8,2,0,8,2,9H,
196,Brandon Belt*,33,SFG,NL,2.6,97,381,325,65,89,14,2,29,59,3,2,48,103,0.274,0.378,0.597,0.975,160,0.409,159,194,9,7,0,1,3,3H,
197,Eric Haase,28,DET,AL,1.9,98,381,351,48,81,12,1,22,61,2,0,26,119,0.231,0.286,0.459,0.745,103,0.325,106,161,11,2,0,2,0,27D/H3,
198,Gavin Lux*,23,LAD,NL,1.5,102,381,335,49,81,12,4,7,46,4,1,41,83,0.242,0.328,0.364,0.692,85,0.322,91,122,3,3,0,2,3,647/8H59,
199,LaMonte Wade Jr.*,27,SFG,NL,1.4,109,381,336,52,85,17,3,18,56,6,1,33,89,0.253,0.326,0.482,0.808,117,0.349,115,162,3,5,4,3,1,973H/8,MVP-21
200,Ramón Laureano,26,OAK,AL,2.7,88,378,341,43,84,21,2,14,39,12,5,27,98,0.246,0.317,0.443,0.76,111,0.33,111,151,4,9,0,1,0,8/9DH,
201,Luis Torrens,25,SEA,AL,1,108,378,346,39,84,16,2,15,47,0,0,28,99,0.243,0.299,0.431,0.73,102,0.314,101,149,8,1,0,3,1,D2H/35,
202,Jarred Kelenic*,21,SEA,AL,-1.6,93,377,337,41,61,13,1,14,43,6,4,36,106,0.181,0.265,0.35,0.615,72,0.267,69,118,5,3,0,1,0,87/9H,
203,Brad Miller*,31,PHI,NL,0.5,140,377,331,53,75,9,3,20,49,3,0,45,112,0.227,0.321,0.453,0.774,107,0.334,103,150,7,1,0,0,2,3H94/57D,
204,Dylan Moore,28,SEA,AL,0.9,126,377,332,42,60,11,2,12,43,21,5,40,111,0.181,0.276,0.334,0.61,71,0.276,70,111,6,4,0,1,0,47H5/96D,
205,Yasmani Grandal#,32,CHW,AL,3.7,93,375,279,60,67,9,0,23,62,0,0,87,82,0.24,0.42,0.52,0.939,155,0.406,159,145,15,3,1,5,0,2/D3H,
206,Patrick Wisdom,29,CHC,NL,2.1,106,375,338,54,78,13,0,28,61,4,1,32,153,0.231,0.305,0.518,0.823,118,0.353,117,175,7,4,0,0,1,57H3/9,ROY-4
207,Mike Zunino,30,TBR,AL,3.7,109,375,333,64,72,11,2,33,62,0,0,34,132,0.216,0.301,0.559,0.86,136,0.365,138,186,7,7,0,1,0,2/H,"AS,MVP-20"
208,Abraham Toro#,24,2TM,AL,1.5,95,375,335,45,80,12,0,11,46,6,3,31,54,0.239,0.315,0.373,0.688,92,0.311,97,125,5,7,0,2,0,45/H3,
209,Yan Gomes,33,2TM,2LG,2.4,103,375,349,49,88,15,1,14,52,0,0,19,78,0.252,0.301,0.421,0.723,98,0.314,97,147,15,6,0,1,3,2/HD,
210,Ketel Marte#,27,ARI,NL,1.9,90,374,340,52,108,29,1,14,50,2,0,31,60,0.318,0.377,0.532,0.909,143,0.39,143,181,8,2,0,1,3,84/H,
211,Phil Gosselin,32,LAA,AL,-0.4,104,373,345,40,90,14,0,7,47,4,2,24,81,0.261,0.314,0.362,0.676,84,0.301,83,125,3,3,0,1,0,753H/4D9,
212,Elias Díaz,30,COL,NL,2.2,106,371,338,52,83,18,1,18,44,0,0,30,60,0.246,0.31,0.464,0.774,95,0.332,90,157,15,2,0,1,1,2H,
213,Víctor Robles,24,WSN,NL,-0.1,107,369,315,37,64,21,1,2,19,8,6,33,85,0.203,0.31,0.295,0.605,69,0.276,69,93,7,16,4,1,3,8/H,
214,Corey Dickerson*,32,2TM,2LG,0.3,109,365,336,43,91,18,5,6,29,6,5,25,68,0.271,0.326,0.408,0.734,98,0.312,92,137,8,3,0,1,1,7H8/D9,
215,Justin Upton,33,LAA,AL,-0.7,89,362,318,47,67,12,0,17,41,4,1,39,107,0.211,0.296,0.409,0.705,90,0.309,88,130,11,1,0,3,0,7/8DH,
216,Rougned Odor*,27,NYY,AL,0.4,102,361,322,42,65,12,0,15,39,0,1,27,100,0.202,0.286,0.379,0.665,82,0.29,80,122,3,11,1,0,2,45/H,
217,Harold Ramírez,26,CLE,AL,0.3,99,361,339,33,91,21,1,7,41,3,1,14,56,0.268,0.305,0.398,0.703,92,0.32,99,135,10,5,0,3,1,798/HD3,
218,Ronald Acuña Jr.,23,ATL,NL,3.5,82,360,297,72,84,19,1,24,52,17,6,49,85,0.283,0.394,0.596,0.99,158,0.42,158,177,0,9,0,5,2,9/8H,AS
219,Carson Kelly,26,ARI,NL,2.1,98,359,304,41,73,11,1,13,46,0,0,44,74,0.24,0.343,0.411,0.754,104,0.339,108,125,10,6,0,5,1,2H,
220,Colin Moran*,28,PIT,NL,-0.3,99,359,318,29,82,12,0,10,50,1,0,36,87,0.258,0.334,0.39,0.724,96,0.323,96,124,6,2,0,3,0,3H/D5,
221,Victor Caratini#,27,SDP,NL,0,116,356,313,33,71,9,0,7,39,2,0,35,82,0.227,0.309,0.323,0.632,78,0.283,75,101,13,4,0,4,8,2H/35,
222,Jason Heyward*,31,CHC,NL,0.3,104,353,323,35,69,15,2,8,30,5,1,27,68,0.214,0.28,0.347,0.627,69,0.293,74,112,4,3,0,0,1,9/H,
223,Asdrúbal Cabrera#,35,2TM,NL,0.4,110,352,309,34,71,21,0,7,42,1,0,36,80,0.23,0.313,0.366,0.678,83,0.304,82,113,8,3,0,4,1,5H3/1D6,
224,Cody Bellinger*,25,LAD,NL,-1.6,95,350,315,39,52,9,2,10,36,3,1,31,94,0.165,0.24,0.302,0.542,44,0.241,34,95,2,1,0,3,2,8/9H3,
225,Alcides Escobar,34,WSN,NL,1.6,75,349,319,53,92,21,2,4,28,3,0,17,56,0.288,0.34,0.404,0.744,105,0.33,104,129,2,9,2,2,0,64,
226,Bradley Zimmer*,28,CLE,AL,1.3,99,348,299,44,68,9,1,8,35,15,3,30,122,0.227,0.325,0.344,0.669,85,0.311,89,103,3,15,0,4,0,89/H7D,
227,Guillermo Heredia,30,ATL,NL,0.3,120,347,305,46,67,26,0,5,26,0,0,32,81,0.22,0.311,0.354,0.665,77,0.298,74,108,5,9,0,1,3,*87H,
228,Kevin Pillar,32,NYM,NL,0.4,124,347,325,40,75,11,2,15,47,4,3,11,81,0.231,0.277,0.415,0.692,87,0.311,92,135,5,10,0,1,0,87H9/1,
229,Starlin Castro,31,WSN,NL,1.1,87,346,315,25,89,20,0,3,38,0,1,26,62,0.283,0.333,0.375,0.708,95,0.318,99,118,6,0,0,4,1,5/H6,
230,Donovan Solano,33,SFG,NL,1.1,101,344,307,35,86,17,0,7,31,2,0,25,58,0.28,0.344,0.404,0.748,103,0.344,112,124,8,7,1,4,2,4H/6,
231,Ronald Torreyes,28,PHI,NL,0.2,111,344,318,30,77,10,1,7,41,2,1,19,41,0.242,0.286,0.346,0.632,71,0.281,66,110,7,1,5,1,2,56H4/18,
232,George Springer,31,TOR,AL,2.3,78,342,299,59,79,19,1,22,50,4,1,37,79,0.264,0.352,0.555,0.907,141,0.384,141,166,6,4,0,1,1,8D/9,
233,Harold Castro*,27,DET,AL,-0.2,106,339,315,35,89,13,1,3,37,1,1,14,72,0.283,0.31,0.359,0.669,87,0.301,90,113,7,1,4,5,0,643H5/178D,
234,Yonathan Daza,27,COL,NL,0.5,107,331,301,26,85,12,2,2,30,2,1,21,60,0.282,0.332,0.355,0.688,77,0.31,74,107,9,2,6,1,0,8H97,
235,Rafael Ortega*,30,CHC,NL,2,103,330,296,44,86,14,2,11,33,12,6,30,70,0.291,0.36,0.463,0.823,121,0.367,129,137,3,2,2,0,1,8H79,
236,David Bote,28,CHC,NL,-0.5,97,327,291,32,58,10,2,8,35,0,1,27,73,0.199,0.276,0.33,0.606,64,0.274,63,96,13,5,1,3,0,45H/D,
237,Juan Lagares,32,LAA,AL,-0.4,112,327,309,39,73,20,2,6,38,1,2,12,76,0.236,0.266,0.372,0.638,71,0.269,62,115,8,1,4,1,0,*897/H,
238,Edmundo Sosa,25,STL,NL,3.2,113,326,288,39,78,8,4,6,27,4,4,17,63,0.271,0.346,0.389,0.735,104,0.339,116,112,8,17,1,2,2,64H/58,
239,Niko Goodrum#,29,DET,AL,-0.2,90,325,290,39,62,11,2,9,33,14,5,29,107,0.214,0.292,0.359,0.651,81,0.292,82,104,6,4,0,2,0,6H/4873D,
240,Tom Murphy,30,SEA,AL,1,97,325,277,35,56,8,0,11,34,0,0,40,99,0.202,0.304,0.35,0.655,84,0.29,84,97,8,2,0,3,0,2H/D,
241,Rowdy Tellez*,26,2TM,2LG,-0.4,106,325,297,34,72,14,2,11,36,0,0,23,65,0.242,0.305,0.414,0.719,93,0.311,89,123,6,4,0,1,4,3HD,
242,Matt Duffy,30,CHC,NL,1.7,97,322,289,45,83,12,0,5,30,8,1,25,63,0.287,0.357,0.381,0.738,101,0.34,105,110,16,7,0,1,0,5H4/6731,
243,Chas McCormick,26,HOU,AL,2.4,108,320,284,47,73,12,0,14,50,4,2,25,104,0.257,0.319,0.447,0.766,107,0.331,106,127,5,4,0,7,0,789H/D,
244,Aledmys Díaz,30,HOU,AL,1.6,84,319,294,28,76,19,0,8,45,0,1,16,62,0.259,0.317,0.405,0.721,97,0.317,98,119,7,9,0,0,3,5743H/6D9,
245,Max Stassi,30,LAA,AL,1.8,87,319,282,45,68,11,1,13,35,0,0,28,101,0.241,0.326,0.426,0.752,103,0.331,105,120,8,8,0,1,0,2/H,
246,DJ Stewart*,27,BAL,AL,-0.3,100,318,270,39,55,10,0,12,33,0,0,44,89,0.204,0.324,0.374,0.698,91,0.313,94,101,3,4,0,0,1,79HD,
247,Daulton Varsho*,24,ARI,NL,1.6,95,315,284,41,70,17,2,11,38,6,0,30,67,0.246,0.318,0.437,0.755,102,0.334,101,124,4,0,1,0,3,28H79,
248,Jake Bauers*,25,2TM,AL,-0.3,115,315,282,27,59,7,0,4,19,6,1,30,78,0.209,0.29,0.277,0.566,60,0.268,64,78,1,2,0,0,1,3H97/D,
249,Alex Dickerson*,31,SFG,NL,-0.1,111,312,283,37,66,10,2,13,38,1,0,23,76,0.233,0.304,0.42,0.725,95,0.318,93,119,7,6,0,0,1,7H/D,
250,Austin Hedges,28,CLE,AL,0.1,88,312,286,32,51,7,0,10,31,1,0,15,87,0.178,0.22,0.308,0.527,43,0.233,36,88,7,1,7,3,1,2/H,
251,Darin Ruf,34,SFG,NL,2.9,117,312,262,41,71,13,2,16,43,2,0,46,87,0.271,0.385,0.519,0.904,143,0.403,154,136,8,3,0,1,2,H37/9D1,
252,Jorge Alfaro,28,MIA,NL,-0.5,92,311,295,22,72,15,1,4,30,8,1,11,99,0.244,0.283,0.342,0.625,69,0.293,72,101,8,5,0,0,0,27H/3,
253,Josh VanMeter*,26,ARI,NL,-0.2,112,310,274,26,58,17,2,6,36,3,2,33,83,0.212,0.297,0.354,0.651,76,0.295,78,97,5,1,0,2,0,4H5/379,
254,Wander Franco#,20,TBR,AL,3.5,70,308,281,53,81,18,5,7,39,2,1,24,37,0.288,0.347,0.463,0.81,127,0.356,132,130,2,2,0,1,0,Jun-54,ROY-3
255,Seth Brown*,28,OAK,AL,1.5,111,307,281,43,60,13,1,20,48,4,1,23,89,0.214,0.274,0.48,0.754,107,0.317,102,135,1,1,0,2,2,9H7/D38,
256,Marwin González#,32,2TM,AL,-0.8,91,307,276,30,55,14,0,5,28,3,2,20,78,0.199,0.275,0.304,0.579,56,0.26,52,84,8,9,1,1,0,43675H/9D1,
257,Austin Slater,28,SFG,NL,1.4,129,306,274,39,66,12,1,12,32,15,2,28,84,0.241,0.32,0.423,0.744,101,0.336,101,116,7,4,0,0,2,*8H79/1D,
258,Jiman Choi*,30,TBR,AL,1,83,305,258,36,59,14,0,11,45,0,0,45,87,0.229,0.348,0.411,0.758,114,0.336,117,106,5,2,0,0,0,3H/D,
259,Jace Peterson*,31,MIL,NL,0.5,94,302,259,36,64,11,1,6,31,10,1,38,68,0.247,0.348,0.367,0.714,95,0.328,96,95,1,3,0,2,0,43H957/16,
260,Jose Trevino,28,TEX,AL,0.1,89,302,285,23,68,14,0,5,30,1,1,12,57,0.239,0.267,0.34,0.607,66,0.265,61,97,13,0,2,3,1,2/H,
261,Trevor Larnach*,24,MIN,AL,0.4,79,301,260,29,58,12,0,7,28,1,0,31,104,0.223,0.322,0.35,0.672,88,0.304,90,91,3,8,0,2,0,79/H,
262,Billy McKinney*,26,3TM,NL,-0.2,116,300,265,32,51,11,3,9,27,2,0,32,79,0.192,0.28,0.358,0.638,72,0.28,64,95,3,1,0,2,2,9H73/8,
263,Ha-Seong Kim,25,SDP,NL,2.1,117,298,267,27,54,12,2,8,34,6,1,22,71,0.202,0.27,0.352,0.622,73,0.28,71,94,6,4,2,3,1,H654,
264,Steven Duggar*,27,SFG,NL,2.2,107,297,268,45,69,14,5,8,35,7,0,27,88,0.257,0.33,0.437,0.767,107,0.34,106,117,4,2,0,0,3,8H/79,
265,Luis Robert Jr.,23,CHW,AL,3.7,68,296,275,42,93,22,1,13,43,6,1,14,61,0.338,0.378,0.567,0.946,154,0.408,158,156,4,5,0,2,1,8/D,
266,Ramón Urías,27,BAL,AL,2,85,296,262,33,73,14,0,7,38,1,2,28,76,0.279,0.361,0.412,0.774,112,0.343,117,108,3,6,0,0,0,645/H,
267,Albert Pujols,41,2TM,2LG,-0.6,109,296,275,29,65,3,0,17,50,2,0,14,45,0.236,0.284,0.433,0.717,89,0.305,80,119,14,5,0,2,3,3H/D5,
268,Kelvin Gutiérrez,26,2TM,AL,0.1,85,295,272,23,63,8,3,3,20,0,1,19,76,0.232,0.292,0.316,0.608,67,0.279,70,86,4,4,0,0,0,5/H34,
269,Cavan Biggio*,26,TOR,AL,0.2,79,294,250,27,56,10,1,7,27,3,1,37,78,0.224,0.322,0.356,0.678,84,0.298,80,89,4,1,1,4,2,59/34HD7,
270,Ryan Jeffers,24,MIN,AL,0.7,85,293,267,28,53,10,1,14,35,0,1,22,108,0.199,0.27,0.401,0.67,83,0.292,83,107,6,4,0,0,0,2/H,
271,Jack Mayfield,30,2TM,AL,0.2,86,293,266,30,58,15,0,10,39,5,0,17,68,0.218,0.272,0.387,0.659,78,0.294,77,103,6,3,3,1,0,56/4H1,
272,Brett Phillips*,27,TBR,AL,2.1,118,292,253,50,52,9,4,13,44,14,3,33,113,0.206,0.3,0.427,0.727,103,0.32,102,108,3,2,2,2,0,89H7/D1,
273,Evan Longoria,35,SFG,NL,1.7,81,291,253,45,66,17,0,13,46,1,1,35,68,0.261,0.351,0.482,0.833,124,0.368,131,122,9,1,0,2,4,5/H,
274,Lewis Brinson,27,MIA,NL,-0.1,89,290,274,24,62,14,0,9,33,1,1,13,72,0.226,0.263,0.376,0.639,71,0.283,69,103,5,1,1,1,0,78H/9,
275,Yadiel Hernández*,33,WSN,NL,0.1,112,289,264,33,72,8,1,9,32,3,0,22,59,0.273,0.329,0.413,0.742,103,0.341,112,109,11,1,0,2,1,H79,
276,Adam Eaton*,32,2TM,AL,-0.4,83,288,254,38,51,10,2,6,30,3,0,22,71,0.201,0.282,0.327,0.608,66,0.271,61,83,6,7,4,1,0,9H/713,
277,Lorenzo Cain,35,MIL,NL,2.3,78,286,257,40,66,13,0,8,36,13,2,26,48,0.257,0.329,0.401,0.729,97,0.342,105,103,5,2,0,1,0,8/H,
278,Jonah Heim#,26,TEX,AL,-0.1,82,285,265,22,52,13,0,10,32,3,1,15,58,0.196,0.239,0.358,0.598,62,0.259,56,95,8,1,1,3,0,2/DH,
279,Willie Calhoun*,26,TEX,AL,-0.4,75,284,260,26,65,10,3,6,25,0,2,21,34,0.25,0.31,0.381,0.691,89,0.296,86,99,6,2,0,1,0,7D/H,
280,Joshua Fuentes,28,COL,NL,0.3,95,284,271,30,61,11,1,7,33,0,0,12,65,0.225,0.257,0.351,0.608,54,0.271,47,95,5,0,0,1,1,53H/71,
281,Pat Valaika,28,BAL,AL,-1.7,90,281,259,17,52,8,0,5,25,1,1,16,76,0.201,0.25,0.29,0.54,48,0.236,40,75,4,2,1,3,0,46/H3715,
282,Bobby Bradley*,25,CLE,AL,0.4,74,279,245,36,51,10,0,16,41,0,0,25,99,0.208,0.294,0.445,0.739,100,0.316,97,109,3,6,0,3,1,3/DH,
283,Isan Díaz*,25,MIA,NL,-1.5,89,278,238,25,46,9,0,4,17,1,1,34,73,0.193,0.293,0.282,0.575,58,0.256,49,67,2,1,1,3,6,54H,
284,Francisco Mejia#,25,TBR,AL,1.5,84,277,250,31,65,15,3,6,35,0,0,17,49,0.26,0.322,0.416,0.738,107,0.322,107,104,4,7,1,2,0,2/HD13,
285,Ryan Zimmerman,36,WSN,NL,1.1,110,273,255,27,62,16,0,14,46,0,0,16,77,0.243,0.286,0.471,0.756,104,0.33,106,120,9,0,0,2,0,H3/D,
286,Andy Ibáñez,28,TEX,AL,1.7,76,272,253,31,70,15,2,7,25,0,0,15,35,0.277,0.321,0.435,0.756,106,0.33,107,110,6,2,1,1,0,4D35H/7,
287,Jon Berti,31,MIA,NL,0.6,85,271,233,35,49,10,1,4,19,8,4,32,61,0.21,0.311,0.313,0.624,71,0.289,73,73,7,3,1,2,0,54H/7869,
288,Charlie Culberson,32,TEX,AL,1,90,271,247,23,60,15,2,5,22,7,1,17,64,0.243,0.296,0.381,0.676,85,0.304,85,94,3,2,4,1,1,5H/73461D9,
289,Brian Goodwin*,30,CHW,AL,-0.6,72,271,235,33,52,10,1,8,29,1,0,33,58,0.221,0.319,0.374,0.693,89,0.309,89,88,2,1,1,1,0,98/7HD,
290,Tyrone Taylor,27,MIL,NL,1.7,93,271,243,33,60,9,3,12,43,6,1,20,59,0.247,0.321,0.457,0.778,108,0.345,110,111,6,7,0,1,1,79H8,
291,Jake Fraley*,26,SEA,AL,1.4,78,265,214,27,45,7,0,9,36,10,2,46,71,0.21,0.352,0.369,0.721,104,0.336,113,79,3,2,1,2,1,7H8/D9,
292,Brian Anderson,28,MIA,NL,1.2,67,264,233,24,58,9,0,7,28,5,0,26,65,0.249,0.337,0.378,0.715,94,0.327,96,88,4,5,0,0,2,5/H6,
293,Lane Thomas,25,2TM,NL,0.7,77,264,226,35,53,15,2,7,28,6,3,37,63,0.235,0.341,0.412,0.752,107,0.342,115,93,6,0,0,1,1,8H79/4,
294,Dom Nuñez*,26,COL,NL,-0.5,81,263,228,31,43,12,3,10,33,0,0,34,91,0.189,0.293,0.399,0.692,75,0.297,65,91,0,0,0,1,4,2/H3,
295,Yermín Mercedes,28,CHW,AL,0.5,68,262,240,26,65,9,1,7,37,0,1,20,46,0.271,0.328,0.404,0.732,99,0.331,107,97,7,1,0,1,1,D/H213,
296,Yoshi Tsutsugo*,29,3TM,2LG,-0.9,81,262,230,27,50,12,1,8,32,0,1,29,72,0.217,0.307,0.383,0.689,88,0.301,85,88,3,1,1,1,0,39H7/D,
297,Brock Holt*,33,TEX,AL,0,76,260,235,21,49,13,1,2,23,5,1,23,49,0.209,0.281,0.298,0.579,60,0.261,56,70,5,1,0,1,0,5H/D1,
298,Brandon Marsh*,23,LAA,AL,0.2,70,260,236,27,60,12,3,2,19,6,1,20,91,0.254,0.317,0.356,0.673,83,0.3,80,84,3,2,1,1,0,8,
299,Frank Schwindel,29,2TM,2LG,1.7,64,259,242,44,79,20,1,14,43,2,1,16,41,0.326,0.371,0.591,0.962,156,0.41,160,143,4,1,0,0,2,3/DH,ROY-6
300,Daniel Vogelbach*,28,MIL,NL,-0.1,93,258,215,30,47,8,0,9,24,0,0,43,57,0.219,0.349,0.381,0.73,99,0.334,104,82,6,0,0,0,1,3H/D,
301,Joe Panik*,30,2TM,2LG,-1.6,95,257,236,17,49,9,0,3,18,2,0,17,34,0.208,0.266,0.284,0.55,50,0.256,48,67,9,2,1,1,1,5H4/3D,
302,Hanser Alberto,28,KCR,AL,0.6,103,255,241,25,65,20,3,2,24,3,1,4,26,0.27,0.291,0.402,0.693,86,0.298,80,97,1,4,4,2,0,54H6D/1,
303,Sergio Alcántara#,24,CHC,NL,0.4,89,255,220,30,45,6,3,5,17,3,0,30,74,0.205,0.303,0.327,0.63,72,0.286,68,72,3,2,1,2,2,64H/51,
304,Byron Buxton,27,MIN,AL,4.9,61,254,235,50,72,23,0,19,32,9,1,13,62,0.306,0.358,0.647,1.005,171,0.423,170,152,0,6,0,0,0,8/H,
305,Ryan O'Hearn*,27,KCR,AL,-0.8,84,254,236,23,53,5,1,9,29,0,0,13,71,0.225,0.268,0.369,0.636,71,0.284,71,87,7,2,0,3,0,D93H/7,
306,Mitch Moreland*,35,OAK,AL,0,81,252,229,28,52,11,1,10,30,0,0,18,58,0.227,0.286,0.415,0.701,94,0.301,92,95,5,2,0,3,0,DH/31,
307,Yu Chang,25,CLE,AL,0.2,89,251,237,32,54,14,3,9,39,1,0,11,69,0.228,0.267,0.426,0.693,87,0.301,86,101,4,2,0,1,0,35H/46,
308,Jesús Sánchez*,23,MIA,NL,1,64,251,227,27,57,8,2,14,36,0,1,20,78,0.251,0.319,0.489,0.808,115,0.348,116,111,2,3,0,1,3,97/H,
309,Garrett Cooper,30,MIA,NL,1,71,250,215,30,61,10,1,9,33,1,1,30,68,0.284,0.38,0.465,0.845,128,0.375,134,100,6,4,0,1,0,93H/D,
310,Josh Naylor*,24,CLE,AL,-0.1,69,250,233,28,59,13,0,7,21,1,0,14,45,0.253,0.301,0.399,0.7,91,0.313,94,93,7,2,0,0,1,93/DH,
311,Travis Shaw*,31,2TM,2LG,-0.6,84,250,220,20,44,11,0,9,39,0,0,24,68,0.2,0.286,0.373,0.659,77,0.295,77,82,2,3,2,1,0,53H/D,
312,Matt Carpenter*,35,STL,NL,-1.1,130,249,207,18,35,11,1,3,21,2,0,35,77,0.169,0.305,0.275,0.581,63,0.279,69,57,1,6,0,1,1,H43/5D1,
313,Carter Kieboom,23,WSN,NL,-1,62,249,217,26,45,6,0,6,20,0,0,25,62,0.207,0.301,0.318,0.619,72,0.28,70,69,9,5,0,2,2,5/H,
314,Anthony Rendon,31,LAA,AL,0,58,249,217,24,52,13,0,6,34,0,0,29,41,0.24,0.329,0.382,0.712,94,0.318,95,83,11,1,0,2,2,5/D,
315,Phillip Evans,28,PIT,NL,-0.4,76,247,214,23,44,5,0,5,16,1,0,28,53,0.206,0.312,0.299,0.611,67,0.292,74,64,3,5,0,0,1,H3795/1D,
316,Luis García Jr.*,21,WSN,NL,0.2,70,247,236,29,57,18,2,6,22,0,2,11,43,0.242,0.275,0.411,0.686,86,0.295,84,97,8,0,0,0,1,4/6H,
317,Kurt Suzuki,37,LAA,AL,-0.4,72,247,219,17,49,8,0,6,16,0,0,12,44,0.224,0.294,0.342,0.636,73,0.283,70,75,7,11,2,3,0,2/H,
318,Santiago Espinal,26,TOR,AL,2.4,92,246,222,32,69,13,1,2,17,6,1,22,30,0.311,0.376,0.405,0.781,113,0.346,112,90,4,1,1,0,0,5H/D,
319,Mitch Garver,30,MIN,AL,2.1,68,243,207,29,53,15,0,13,34,1,1,31,71,0.256,0.358,0.517,0.875,139,0.368,137,107,4,3,0,2,0,2H/3D,
320,Tommy La Stella*,32,SFG,NL,0.3,76,242,220,26,55,11,1,7,27,0,0,18,26,0.25,0.308,0.405,0.713,92,0.317,93,89,4,1,0,1,1,4H/5D,
321,Luke Voit,30,NYY,AL,0.3,68,241,213,26,51,7,1,11,35,0,0,21,74,0.239,0.328,0.437,0.764,109,0.335,110,93,12,7,0,0,0,3DH,
322,Wilmer Difo#,29,PIT,NL,-0.1,116,240,219,25,59,7,3,4,24,1,0,20,54,0.269,0.329,0.384,0.713,93,0.323,96,84,2,0,0,1,0,H45/9681,
323,DJ Peters,25,2TM,2LG,0,70,240,223,29,44,9,1,13,38,2,0,12,82,0.197,0.242,0.422,0.663,77,0.271,62,94,4,2,0,3,4,879H/D,
324,Sam Hilliard*,27,COL,NL,0.8,81,238,214,32,46,7,2,14,34,5,0,23,87,0.215,0.294,0.463,0.757,90,0.331,86,99,0,1,0,0,3,8H79/D,
325,Óscar Mercado,26,CLE,AL,1,72,238,214,27,48,11,1,6,19,7,1,21,42,0.224,0.3,0.369,0.669,83,0.316,94,79,1,2,1,0,0,79H/8,
326,Stephen Vogt*,36,2TM,NL,-0.1,78,238,210,24,41,6,1,7,25,0,0,26,56,0.195,0.283,0.333,0.616,65,0.28,64,70,2,0,1,1,2,2H/3,
327,Taylor Ward,27,LAA,AL,0.6,65,237,208,33,52,15,0,8,33,1,1,20,55,0.25,0.332,0.438,0.769,107,0.342,113,91,4,6,2,1,0,978/2H,
328,Matt Beaty*,28,LAD,NL,0,120,234,204,35,55,4,1,7,40,2,2,20,44,0.27,0.363,0.402,0.765,104,0.35,114,82,3,10,0,0,0,H739/5D,
329,Chad Pinder,29,OAK,AL,0.2,75,233,214,30,52,16,1,6,27,1,0,16,62,0.243,0.3,0.411,0.712,98,0.31,97,88,6,2,0,1,0,97H/645D,
330,Curt Casali,32,SFG,NL,0.6,77,231,200,20,42,11,1,5,26,0,0,26,66,0.21,0.313,0.35,0.663,81,0.299,80,70,3,4,1,0,4,2H/3,
331,Zack Collins*,26,CHW,AL,-0.5,78,231,195,25,41,13,0,4,26,1,1,34,69,0.21,0.33,0.338,0.669,84,0.298,83,66,4,1,1,0,1,2H/D3,
332,Eloy Jiménez,24,CHW,AL,0.7,55,231,213,23,53,10,0,10,37,0,0,16,57,0.249,0.303,0.437,0.74,99,0.331,105,93,8,1,0,1,0,7D,
333,Alex Kirilloff*,23,MIN,AL,0.4,59,231,215,23,54,11,1,8,34,1,1,14,52,0.251,0.299,0.423,0.722,98,0.315,99,91,3,1,0,1,2,397/H,
334,Michael Pérez*,28,PIT,NL,-0.9,70,231,210,19,30,8,1,7,21,0,1,19,68,0.143,0.221,0.29,0.511,37,0.236,36,61,4,2,0,0,1,2H/3,
335,Travis d'Arnaud,32,ATL,NL,0.2,60,229,209,21,46,14,0,7,26,0,0,17,53,0.22,0.284,0.388,0.671,76,0.292,70,81,7,2,0,1,0,2/HD,
336,Erik González,29,PIT,NL,-0.4,71,229,220,17,51,7,1,2,21,2,2,8,40,0.232,0.258,0.3,0.558,51,0.244,43,66,4,0,0,1,0,563H,
337,Austin Barnes,31,LAD,NL,0.3,77,225,200,28,43,8,0,6,23,1,0,20,56,0.215,0.299,0.345,0.644,72,0.292,70,69,6,4,1,0,1,2H/4D,
338,Magneuris Sierra*,25,MIA,NL,0,123,225,209,27,48,6,1,0,5,11,0,15,50,0.23,0.281,0.268,0.549,51,0.256,39,56,1,0,1,0,4,H87/9,
339,David Dahl*,27,TEX,AL,-0.8,63,220,205,19,43,11,0,4,18,2,1,10,59,0.21,0.247,0.322,0.569,55,0.253,52,66,3,1,1,3,0,7D9/H8,
340,Sandy León#,32,MIA,NL,-0.8,83,220,202,15,37,5,0,4,14,0,0,12,65,0.183,0.237,0.267,0.505,37,0.231,31,54,2,3,1,2,0,2H/15D,
341,Víctor Reyes#,26,DET,AL,0,76,220,209,26,54,10,4,5,22,5,1,8,55,0.258,0.284,0.416,0.701,92,0.315,97,87,2,0,2,1,0,98H/D7,
342,Eli White,27,TEX,AL,-0.1,64,220,198,26,35,6,1,6,15,4,3,18,66,0.177,0.259,0.308,0.567,56,0.251,53,61,2,4,0,0,0,789/H4D,
343,Bryan De La Cruz,24,MIA,NL,0.9,58,219,199,17,59,7,2,5,19,1,1,18,53,0.296,0.356,0.427,0.783,112,0.343,112,85,8,1,0,1,1,897/H,
344,Clint Frazier,26,NYY,AL,-1.5,66,218,183,20,34,9,0,5,15,2,0,32,65,0.186,0.317,0.317,0.633,76,0.29,77,58,8,3,0,0,0,79/H,
345,Reese McGuire*,26,TOR,AL,0.3,78,217,198,22,50,15,0,1,10,0,0,15,44,0.253,0.31,0.343,0.654,78,0.286,72,68,4,2,1,1,0,2/HD,
346,Willians Astudillo,29,MIN,AL,-0.6,72,216,208,17,49,8,0,7,21,0,0,3,12,0.236,0.259,0.375,0.634,74,0.276,71,78,12,4,0,1,0,532/H149,
347,Nick Gordon*,25,MIN,AL,0.1,73,216,200,19,48,9,1,4,23,10,1,12,55,0.24,0.292,0.355,0.647,79,0.299,81,71,7,3,0,1,0,846H7/59,
348,Nick Madrigal,24,CHW,AL,1.2,54,215,200,30,61,10,4,2,21,1,2,11,17,0.305,0.349,0.425,0.774,111,0.354,124,85,3,3,0,1,0,4/DH,
349,Brent Rooker,26,MIN,AL,-0.7,58,213,189,25,38,10,0,9,16,0,0,15,70,0.201,0.291,0.397,0.688,89,0.307,93,75,1,9,0,0,0,7D/9H,
350,Andrew Stevenson*,27,WSN,NL,0.1,109,213,192,22,44,6,0,5,23,1,1,13,61,0.229,0.294,0.339,0.632,74,0.282,72,65,3,5,2,1,2,H879,
351,J.D. Davis,28,NYM,NL,0.8,73,211,179,18,51,12,0,5,23,1,0,24,68,0.285,0.384,0.436,0.82,125,0.372,134,78,4,6,0,2,1,5H/D,
352,Kyle Higashioka,31,NYY,AL,0.5,67,211,193,20,35,10,0,10,29,0,0,17,59,0.181,0.246,0.389,0.635,71,0.271,65,75,4,0,0,1,0,2/H,
353,Connor Joe,28,COL,NL,1.7,63,211,179,23,51,9,0,8,35,0,0,26,41,0.285,0.379,0.469,0.848,116,0.378,123,84,1,3,0,3,0,7H3/D,
354,Andrés Giménez*,22,CLE,AL,0.9,68,210,188,23,41,10,0,5,16,11,0,11,54,0.218,0.282,0.351,0.633,74,0.287,67,66,1,7,1,3,0,64/HD,
355,Ehire Adrianza#,31,ATL,NL,0.5,109,209,182,32,45,9,2,5,28,0,0,21,42,0.247,0.327,0.401,0.728,92,0.326,94,73,4,2,1,3,0,H59/4768D,
356,Jorge Mateo,26,2TM,2LG,0.5,89,209,194,19,48,11,1,4,14,10,3,9,55,0.247,0.293,0.376,0.67,84,0.295,80,73,1,4,1,1,0,H468/597,
357,Marcell Ozuna,30,ATL,NL,-0.1,48,208,188,21,40,6,0,7,26,0,0,19,46,0.213,0.288,0.356,0.645,70,0.286,66,67,6,1,0,0,0,7,
358,Manny Piña,34,MIL,NL,1.5,75,208,180,27,34,6,0,13,33,0,0,22,38,0.189,0.293,0.439,0.732,95,0.317,92,79,4,5,0,1,0,2H,
359,Mike Moustakas*,32,CIN,NL,-1.1,62,206,183,21,38,12,0,6,22,0,0,18,46,0.208,0.282,0.372,0.653,68,0.284,59,68,6,2,0,3,0,5H3/4,
360,Danny Jansen,26,TOR,AL,1.3,70,205,184,32,41,13,0,11,28,0,0,17,44,0.223,0.299,0.473,0.772,105,0.335,107,87,4,3,1,0,0,2/H,
361,Aristides Aquino,27,CIN,NL,-0.3,84,204,174,25,33,6,1,10,23,2,2,27,75,0.19,0.299,0.408,0.707,81,0.306,76,71,0,1,0,2,2,7H98,
362,Owen Miller,24,CLE,AL,-1,60,202,191,17,39,8,0,4,18,2,0,9,54,0.204,0.243,0.309,0.551,51,0.254,52,59,7,1,0,1,0,43/5HD6,
363,Jake Marisnick,30,2TM,NL,0,99,198,176,21,38,7,3,5,24,4,1,11,65,0.216,0.286,0.375,0.661,79,0.291,74,66,4,7,2,2,0,8H7/9,
364,Keston Hiura,24,MIL,NL,-0.9,61,197,173,16,29,9,1,4,19,3,0,14,77,0.168,0.256,0.301,0.557,51,0.255,45,52,6,7,2,1,0,3H/47,
365,Ryan McKenna,24,BAL,AL,-0.2,90,197,169,20,31,6,1,2,14,1,0,24,74,0.183,0.292,0.266,0.559,56,0.268,61,45,1,2,2,0,0,7H89/D45,
366,Austin Nola,31,SDP,NL,0.9,56,194,173,15,47,12,0,2,29,0,1,14,19,0.272,0.34,0.376,0.716,101,0.32,104,65,2,5,0,2,0,2/H43,
367,Jordan Luplow,27,2TM,AL,0.6,61,193,163,23,33,8,0,11,28,1,2,28,57,0.202,0.326,0.454,0.78,115,0.339,118,74,2,2,0,0,0,83H9/7D145,
368,Mike Tauchman*,30,2TM,2LG,0.1,75,191,166,22,30,5,0,4,15,3,3,23,58,0.181,0.284,0.283,0.567,56,0.258,55,47,0,1,1,0,0,7H98/1D,
369,Luis Rengifo#,24,LAA,AL,-0.7,54,190,174,22,35,1,0,6,18,1,0,9,38,0.201,0.246,0.31,0.556,50,0.248,44,54,3,2,3,2,0,695/H47,
370,Alejandro Kirk,22,TOR,AL,0.9,60,189,165,19,40,8,0,8,24,0,0,19,22,0.242,0.328,0.436,0.764,105,0.343,112,72,7,3,0,2,0,2/DH,
371,Stephen Piscotty,30,OAK,AL,-0.6,72,188,173,14,38,8,0,5,16,1,0,13,48,0.22,0.282,0.353,0.635,78,0.284,78,61,2,2,0,0,0,9H/D,
372,Mauricio Dubón,26,SFG,NL,0.3,74,187,175,20,42,9,0,5,22,2,1,9,41,0.24,0.278,0.377,0.655,76,0.289,73,66,5,1,0,2,2,864H5,
373,Danny Mendick,27,CHW,AL,-0.4,71,186,164,14,36,5,0,2,20,0,1,18,42,0.22,0.303,0.287,0.589,63,0.265,61,47,1,2,1,1,0,46/9H5718D,
374,William Contreras,23,ATL,NL,0.1,52,185,163,19,35,4,1,8,23,0,0,19,54,0.215,0.303,0.399,0.701,85,0.305,79,65,3,2,0,1,1,2/H,
375,Andrew Knizner,26,STL,NL,-0.3,63,185,161,18,28,7,0,1,9,0,0,20,39,0.174,0.281,0.236,0.517,46,0.241,43,38,7,4,0,0,2,2H/3,
376,Leody Taveras#,22,TEX,AL,-0.2,49,185,174,14,28,6,2,3,9,10,1,9,60,0.161,0.207,0.27,0.477,30,0.22,22,47,3,1,1,0,0,8/H,
377,Jose Rojas*,28,LAA,AL,-0.7,61,184,168,26,35,14,0,6,15,2,1,15,50,0.208,0.277,0.399,0.676,81,0.3,83,67,2,1,0,0,0,945H/73D,
378,Zack Short,26,DET,AL,-0.7,61,184,156,21,22,4,0,6,20,2,0,22,59,0.141,0.239,0.282,0.521,45,0.231,38,44,4,0,0,6,1,6/H54D,
379,Shogo Akiyama*,33,CIN,NL,-0.9,88,183,162,16,33,8,0,0,12,2,3,14,40,0.204,0.282,0.253,0.535,41,0.248,36,41,1,4,1,1,1,8H/79,
380,Kole Calhoun*,33,ARI,NL,0,51,182,166,17,39,8,0,5,17,1,0,15,41,0.235,0.297,0.373,0.67,81,0.3,80,62,2,0,0,1,0,9H/D,
381,Christian Arroyo,26,BOS,AL,1.5,57,181,164,22,43,12,0,6,25,1,0,8,44,0.262,0.324,0.445,0.769,103,0.34,106,73,1,7,1,0,0,4H/6D13,
382,Nomar Mazara*,26,DET,AL,-0.3,50,181,165,12,35,5,2,3,19,0,0,15,45,0.212,0.276,0.321,0.597,67,0.268,66,53,4,0,0,1,0,9/DH,
383,Eric Sogard*,35,CHC,NL,-0.6,78,180,169,16,42,6,1,1,12,3,1,9,30,0.249,0.283,0.314,0.597,62,0.259,50,53,5,0,0,2,1,4H5/163,
384,Jason Castro*,34,HOU,AL,1,66,179,149,22,35,7,0,8,21,0,0,25,54,0.235,0.356,0.443,0.799,118,0.357,125,66,4,3,2,0,1,2H/D,
385,Gavin Sheets*,25,CHW,AL,0.1,54,179,160,23,40,8,0,11,34,0,0,16,40,0.25,0.324,0.506,0.83,122,0.36,126,81,4,2,0,1,0,D93/H7,
386,Jake Cave*,28,MIN,AL,-0.8,76,178,164,14,31,6,1,3,13,1,1,10,62,0.189,0.249,0.293,0.541,50,0.247,51,48,0,3,1,0,0,78H9/D,
387,Taylor Trammell*,23,SEA,AL,-0.2,51,178,156,23,25,7,0,8,18,2,3,17,75,0.16,0.256,0.359,0.615,71,0.266,71,56,1,3,2,0,0,87/H,
388,Taylor Walls#,24,TBR,AL,1.4,54,176,152,15,32,10,0,1,15,4,2,23,49,0.211,0.314,0.296,0.61,75,0.281,79,45,3,0,1,0,0,6/H45D,
389,Abraham Almonte#,32,ATL,NL,-0.7,64,175,148,20,32,12,0,5,19,1,1,26,38,0.216,0.331,0.399,0.73,93,0.32,91,59,2,0,0,1,0,7H/9,
390,Kevin Plawecki,30,BOS,AL,0.2,64,173,157,15,45,7,0,3,15,0,0,12,26,0.287,0.349,0.389,0.737,98,0.329,99,61,4,3,1,0,0,2/HD31,
391,Zach McKinstry*,26,LAD,NL,-0.7,60,172,158,19,34,9,0,7,29,1,1,10,50,0.215,0.263,0.405,0.668,75,0.282,65,64,3,1,1,2,1,9475/H,
392,Nico Hoerner,24,CHC,NL,1.2,44,170,149,13,45,10,0,0,16,5,3,17,25,0.302,0.382,0.369,0.751,106,0.343,112,55,3,3,0,1,3,46/785H,
393,Jake Lamb*,30,2TM,AL,-0.2,55,170,144,25,28,4,0,7,19,0,0,22,51,0.194,0.306,0.368,0.674,83,0.312,92,53,4,2,0,2,0,57H/9D3,
394,Mike Brosseau,27,TBR,AL,1,57,169,150,21,28,9,0,5,18,2,0,15,53,0.187,0.266,0.347,0.613,72,0.289,82,52,1,2,0,2,0,45H3/79,
395,Yonny Hernández#,23,TEX,AL,0.9,43,166,143,15,31,5,0,0,6,11,2,17,32,0.217,0.315,0.252,0.567,60,0.28,64,36,2,4,1,1,0,5/46DH,
396,Jake Meyers,25,HOU,AL,1.1,49,163,146,22,38,8,0,6,28,3,0,10,50,0.26,0.323,0.438,0.761,107,0.335,106,64,0,4,2,1,0,8/H79D,
397,Wilson Ramos,33,2TM,AL,-0.4,44,163,151,15,31,5,0,8,20,0,0,9,36,0.205,0.248,0.397,0.646,76,0.279,73,60,2,0,0,1,0,2D/H,
398,Miguel Andujar,26,NYY,AL,-0.5,45,162,154,19,39,2,0,6,12,0,1,7,28,0.253,0.284,0.383,0.667,82,0.289,80,59,8,0,0,1,0,7/5H3,
399,Tomás Nido,27,NYM,NL,0.4,58,161,153,16,34,5,1,3,13,1,0,5,44,0.222,0.261,0.327,0.588,60,0.269,60,50,4,3,0,0,1,2/H5,
400,Roberto Pérez,32,CLE,AL,-0.1,44,161,141,13,21,3,0,7,17,1,0,17,56,0.149,0.245,0.319,0.564,54,0.256,53,45,1,1,2,0,0,2/3H,
401,Andrew Knapp#,29,PHI,NL,-1.5,62,159,145,13,22,3,0,2,11,0,0,10,61,0.152,0.215,0.214,0.429,17,0.2,9,31,1,2,1,1,0,2H/314,
402,Josh Reddick*,34,ARI,NL,-0.4,54,158,151,15,39,11,0,2,21,0,0,6,31,0.258,0.285,0.371,0.656,76,0.297,78,56,4,0,0,1,0,9H/817,
403,Travis Jankowski*,30,PHI,NL,0.5,76,157,131,24,33,6,2,1,10,5,0,22,29,0.252,0.364,0.351,0.715,96,0.337,101,46,1,1,2,0,4,8H/97,
404,Rob Refsnyder,30,MIN,AL,-0.1,51,157,139,21,34,7,0,2,12,1,0,17,40,0.245,0.325,0.338,0.663,86,0.297,85,47,4,0,0,1,0,87H/9D,
405,Luis Guillorme*,26,NYM,NL,0.5,69,156,132,13,35,3,0,1,5,0,2,23,23,0.265,0.374,0.311,0.685,92,0.323,105,41,2,0,1,0,2,5H46/1,
406,Tim Locastro,28,2TM,2LG,-0.8,64,156,139,15,25,4,0,2,7,5,3,7,33,0.18,0.263,0.252,0.515,41,0.24,40,35,2,9,0,1,0,8H7/9,
407,Jason Martin*,25,TEX,AL,-0.3,58,154,144,14,30,3,0,6,17,3,1,8,41,0.208,0.248,0.354,0.603,64,0.261,57,51,1,0,1,1,0,7H/89D,
408,José Peraza,27,NYM,NL,0,64,154,142,21,29,7,0,6,20,1,0,9,26,0.204,0.266,0.38,0.647,75,0.288,74,54,5,3,0,0,0,4H/567D,
409,Alex Jackson,25,2TM,NL,-0.5,52,151,131,13,18,4,0,3,12,0,0,13,73,0.137,0.252,0.237,0.488,33,0.235,33,31,0,7,0,0,1,2H/9,
410,Derek Hill,25,DET,AL,-0.1,49,150,139,19,36,3,3,3,14,6,3,10,42,0.259,0.313,0.388,0.702,95,0.3,89,54,2,1,0,0,0,8/HD,
411,Hoy Park*,25,2TM,2LG,-0.4,45,150,128,16,25,5,2,3,14,1,1,18,38,0.195,0.297,0.336,0.633,72,0.283,69,43,4,1,1,1,1,4H/56789,
412,Jarrod Dyson*,36,2TM,AL,0,102,149,135,17,28,7,2,0,10,10,5,10,33,0.207,0.26,0.289,0.549,50,0.239,39,39,1,0,3,1,0,89H7/D,
413,Anthony Alford,26,PIT,NL,0.2,49,148,133,14,31,6,1,5,11,5,6,12,58,0.233,0.311,0.406,0.717,93,0.316,101,54,4,3,0,0,1,7H/89,
414,Cal Raleigh#,24,SEA,AL,-0.5,47,148,139,6,25,12,0,2,13,0,0,7,52,0.18,0.223,0.309,0.532,48,0.229,41,43,3,1,0,1,0,2/H,
415,Kyle Lewis,25,SEA,AL,0.4,36,147,130,15,32,4,0,5,11,2,0,16,37,0.246,0.333,0.392,0.726,104,0.327,108,51,1,1,0,0,0,8/D,
416,Mike Trout,29,LAA,AL,1.9,36,146,117,23,39,8,1,8,18,2,0,27,41,0.333,0.466,0.624,1.09,194,0.45,189,73,0,2,0,0,5,8,AS
417,Tyler Wade*,26,NYY,AL,0.6,103,145,127,31,34,5,1,0,5,17,6,16,37,0.268,0.354,0.323,0.677,90,0.312,90,41,3,1,0,0,1,6H548/79D,
418,John Nogowski,28,2TM,NL,-0.3,52,143,129,14,30,7,0,1,14,0,1,12,22,0.233,0.301,0.31,0.611,67,0.272,64,40,2,1,0,1,0,3H/19,
419,Rio Ruiz*,27,2TM,2LG,-0.6,62,141,125,11,21,4,0,3,10,2,0,12,38,0.168,0.243,0.272,0.515,39,0.234,31,34,3,1,1,2,0,H45/73D,
420,Jo Adell,22,LAA,AL,0.2,35,140,130,17,32,5,2,4,26,2,1,8,32,0.246,0.295,0.408,0.703,89,0.311,91,53,3,1,1,0,0,79,
421,Adam Engel,29,CHW,AL,1.5,39,140,123,21,31,9,0,7,18,7,1,11,31,0.252,0.336,0.496,0.832,123,0.359,120,61,4,5,0,1,0,89/7HD,
422,Austin Wynns,30,BAL,AL,-0.6,45,139,130,14,24,4,0,4,14,1,0,8,31,0.185,0.232,0.308,0.54,47,0.243,43,40,6,0,1,0,0,2/13DH,
423,Justin Williams*,25,STL,NL,-0.5,51,137,119,10,19,0,0,4,11,0,1,17,46,0.16,0.27,0.261,0.531,49,0.239,43,31,2,1,0,0,5,97H,
424,Franchy Cordero*,26,BOS,AL,-0.7,48,136,127,12,24,6,0,1,9,1,1,8,51,0.189,0.237,0.26,0.497,34,0.239,37,33,1,0,1,0,0,73/H9D,
425,Adalberto Mondesí#,25,KCR,AL,0.3,35,136,126,19,29,8,1,6,17,15,1,6,43,0.23,0.271,0.452,0.723,92,0.328,86,57,2,1,3,0,0,56/DH,
426,Billy Hamilton,30,CHW,AL,0.3,71,135,127,23,28,8,3,2,11,9,0,4,47,0.22,0.242,0.378,0.62,66,0.277,55,48,1,0,3,1,0,87H/D9,
427,Max Schrock*,26,CIN,NL,0.1,53,134,125,19,36,7,2,3,14,1,1,8,24,0.288,0.328,0.448,0.776,99,0.349,106,56,0,0,0,1,1,7H/54319,
428,Ernie Clement,25,CLE,AL,-0.1,40,133,121,16,28,4,0,3,9,0,1,7,19,0.231,0.285,0.339,0.623,71,0.278,72,41,3,2,3,0,0,45/H76,
429,Ka'ai Tom*,27,2TM,2LG,-0.5,48,133,108,10,15,2,1,2,12,1,0,17,36,0.139,0.278,0.231,0.51,42,0.241,38,25,1,5,0,3,1,7H/9D1,
430,Thairo Estrada,25,SFG,NL,0.8,52,132,121,19,33,4,0,7,22,1,0,9,23,0.273,0.333,0.479,0.813,118,0.355,119,58,2,2,0,0,1,6H4/579,
431,Nick Maton*,24,PHI,NL,0.2,52,131,117,16,30,7,1,2,14,2,0,10,39,0.256,0.323,0.385,0.708,91,0.323,94,45,0,2,1,1,0,46H/1,
432,Cole Tucker#,24,PIT,NL,-0.7,43,131,117,15,26,4,2,2,12,2,2,13,33,0.222,0.298,0.342,0.64,73,0.287,74,40,2,0,0,1,0,69H/483,
433,Lewin Díaz*,24,MIA,NL,0.9,40,128,122,16,25,4,1,8,13,0,0,6,33,0.205,0.242,0.451,0.693,82,0.289,72,55,1,0,0,0,1,3H,
434,Jordy Mercer,34,WSN,NL,0.1,46,127,118,13,30,7,0,2,9,0,0,9,34,0.254,0.307,0.364,0.671,85,0.303,87,43,1,0,0,0,0,45H/637D,
435,Jake Rogers,26,DET,AL,1.2,38,127,113,17,27,5,3,6,17,1,0,11,46,0.239,0.306,0.496,0.802,119,0.339,115,56,0,0,3,0,0,2/15H,
436,Danny Santana#,30,BOS,AL,-0.2,38,127,116,15,21,2,1,5,14,4,2,10,30,0.181,0.252,0.345,0.597,58,0.271,59,40,0,1,0,0,0,38/7HD,
437,Aaron Hicks#,31,NYY,AL,-0.3,32,126,108,13,21,3,0,4,14,0,0,14,30,0.194,0.294,0.333,0.627,73,0.277,70,36,3,2,0,2,0,8/H,
438,Cam Gallagher,28,KCR,AL,0.5,48,124,112,9,28,6,0,1,7,0,0,8,20,0.25,0.298,0.33,0.628,71,0.292,76,37,2,0,2,1,0,2/H,
439,Lars Nootbaar*,23,STL,NL,1,58,124,109,15,26,3,1,5,15,2,1,13,28,0.239,0.317,0.422,0.739,103,0.318,98,46,0,0,1,1,1,9H/7,
440,Nick Senzel,26,CIN,NL,-0.5,36,124,111,18,28,4,0,1,8,2,5,12,16,0.252,0.323,0.315,0.638,67,0.279,67,35,3,0,0,1,0,8/4H5,
441,Michael Chavis,25,2TM,2LG,-0.4,43,124,121,16,30,7,1,3,11,1,2,1,42,0.248,0.258,0.397,0.655,73,0.269,62,48,4,1,0,1,0,4/3H59,
442,José Marmolejos*,28,SEA,AL,-0.6,41,122,106,11,17,4,0,4,12,0,0,15,39,0.16,0.262,0.311,0.574,61,0.256,60,33,0,0,0,1,0,37/HD9,
443,Shed Long Jr.*,25,SEA,AL,-0.3,34,121,111,13,22,4,1,4,17,1,0,9,39,0.198,0.258,0.36,0.619,72,0.277,73,40,3,0,1,0,0,74/HD,
444,Riley Adams,25,2TM,2LG,0.5,47,120,99,13,22,8,1,2,10,0,0,15,40,0.222,0.358,0.384,0.742,105,0.341,112,38,2,6,0,0,0,2H,
445,Robel García#,28,HOU,AL,-0.9,46,117,106,8,16,3,0,1,8,0,0,8,42,0.151,0.216,0.208,0.423,18,0.202,15,22,2,1,1,1,0,5H6/413D,
446,Daz Cameron,24,DET,AL,-0.3,35,115,103,16,20,5,0,4,13,6,0,10,38,0.194,0.278,0.359,0.637,77,0.293,75,37,2,2,0,0,0,98/HD7,
447,Khris Davis,33,2TM,AL,-0.4,42,114,102,11,21,5,1,3,10,0,0,10,31,0.206,0.272,0.363,0.635,75,0.273,69,37,2,0,0,2,0,DH/7,
448,Robinson Chirinos,37,CHC,NL,0.2,45,112,97,13,22,5,1,5,15,0,0,9,36,0.227,0.324,0.454,0.778,108,0.336,106,44,2,5,1,0,0,2H/4D,
449,Jarren Duran*,24,BOS,AL,-0.6,33,112,107,17,23,3,2,2,10,2,1,4,40,0.215,0.241,0.336,0.578,53,0.253,46,36,1,0,0,1,0,8/H7,
450,Alex Avila*,34,WSN,NL,0.7,34,111,89,5,17,9,1,1,9,0,0,19,37,0.191,0.345,0.348,0.694,93,0.312,93,31,4,2,1,0,1,2/H4,
451,Edward Olivares,25,KCR,AL,0,39,111,101,14,24,2,0,5,12,2,2,5,19,0.238,0.291,0.406,0.697,87,0.3,86,41,2,3,1,1,0,97H/8D,
452,Taylor Jones,27,HOU,AL,0.1,35,108,102,11,25,8,1,2,16,0,0,4,29,0.245,0.269,0.402,0.67,81,0.283,72,41,5,0,0,2,0,37D/H,
453,Luke Williams,24,PHI,NL,0.1,58,108,98,8,24,4,0,1,6,2,2,10,23,0.245,0.315,0.316,0.631,72,0.302,85,31,2,0,0,0,0,H8/457369,
454,Tres Barrera,26,WSN,NL,0.5,30,107,91,8,24,3,1,2,10,0,0,12,22,0.264,0.374,0.385,0.758,111,0.345,117,35,3,4,0,0,2,2/H,
455,Kyle Garlick,29,MIN,AL,0.1,36,107,99,17,23,8,0,5,10,1,0,6,32,0.232,0.28,0.465,0.745,102,0.316,97,46,2,1,0,1,0,97/H8D,
456,Gerardo Parra*,34,WSN,NL,-0.5,53,107,97,13,23,5,0,2,10,1,1,6,30,0.237,0.292,0.351,0.643,77,0.291,79,34,3,2,1,1,0,H7/89,
457,Kevan Smith,33,2TM,2LG,-0.8,33,106,95,8,16,3,0,0,3,0,0,10,31,0.168,0.248,0.2,0.448,22,0.198,0,19,3,0,0,0,3,2/H,
458,JaCoby Jones,29,DET,AL,-0.6,36,105,100,9,17,2,0,2,9,2,2,5,42,0.17,0.21,0.25,0.46,28,0.216,33,25,2,0,0,0,0,8/H7D,
459,Richie Martin,26,BAL,AL,-0.9,37,105,98,9,23,2,0,1,8,0,2,4,28,0.235,0.269,0.286,0.555,53,0.234,44,28,1,1,1,1,0,6/H,
460,Evan White,25,SEA,AL,-0.6,30,104,97,8,14,3,0,2,9,0,0,6,31,0.144,0.202,0.237,0.439,23,0.198,19,23,1,1,0,0,0,3,
461,Andrew Young,27,ARI,NL,-0.7,58,104,91,13,19,7,0,6,15,0,0,6,45,0.209,0.298,0.484,0.782,107,0.334,104,44,3,6,0,1,0,H4/57D,
462,Seby Zavala,27,CHW,AL,-0.2,37,104,93,15,17,3,0,5,15,0,0,6,41,0.183,0.24,0.376,0.616,65,0.264,57,35,1,1,4,0,0,2/HD,
463,Jonathan Davis,29,2TM,AL,-0.2,64,103,87,20,11,1,0,1,4,4,1,12,26,0.126,0.252,0.172,0.425,20,0.223,25,15,1,3,0,1,0,8H/7D,
464,Emmanuel Rivera,25,KCR,AL,0.2,29,98,90,13,23,4,0,1,5,2,0,8,21,0.256,0.316,0.333,0.65,78,0.303,81,30,2,0,0,0,0,3-May,
465,Ben Rortvedt*,23,MIN,AL,-0.1,39,98,89,8,15,1,0,3,7,0,0,6,29,0.169,0.229,0.281,0.51,41,0.226,34,25,2,1,2,0,0,2/HD,
466,Breyvic Valera#,29,TOR,AL,0,39,97,87,10,22,6,0,1,15,1,0,8,12,0.253,0.313,0.356,0.669,81,0.294,76,31,1,0,1,1,0,5H4/D,
467,Keibert Ruiz#,22,2TM,NL,0.5,29,96,88,10,24,3,0,3,15,0,0,6,9,0.273,0.333,0.409,0.742,103,0.334,108,36,3,2,0,0,0,2/H,
468,Domingo Leyba#,25,2TM,2LG,-1.2,34,96,87,6,10,1,0,1,4,0,0,8,23,0.115,0.198,0.161,0.359,0,0.181,0,14,4,1,0,0,0,45/H,
469,Aramis Garcia,28,OAK,AL,-0.4,32,94,88,8,18,1,0,3,7,0,0,1,28,0.205,0.239,0.318,0.557,55,0.25,55,28,4,3,2,0,0,2/DH,
470,Sam Haggerty#,27,SEA,AL,-0.2,35,94,86,15,16,3,0,2,5,5,1,6,28,0.186,0.247,0.291,0.538,51,0.254,53,25,1,1,1,0,0,7/H948D,
471,Rodolfo Castro,22,PIT,NL,-0.4,31,93,86,9,17,2,0,5,8,0,0,6,27,0.198,0.258,0.395,0.653,74,0.282,68,34,4,1,0,0,0,4/H5,
472,Daniel Robertson,27,MIL,NL,-0.3,50,90,73,10,12,2,0,2,4,0,0,12,28,0.164,0.303,0.274,0.577,59,0.267,56,20,1,3,1,1,1,5H/4631,
473,José Rondón,27,STL,NL,0.2,63,90,80,13,21,3,0,3,9,2,0,8,17,0.263,0.322,0.413,0.735,102,0.323,98,33,1,0,0,2,0,H/5947D3,
474,Ender Inciarte*,30,ATL,NL,-0.1,52,89,79,11,17,2,0,2,10,1,0,7,22,0.215,0.276,0.316,0.592,57,0.265,47,25,1,0,2,1,0,8H/7,
475,Orlando Arcia,26,2TM,NL,-0.1,36,89,81,9,16,3,0,2,14,1,0,7,19,0.198,0.258,0.309,0.567,51,0.261,46,25,2,0,0,1,1,H7/654,
476,Brandon Drury,28,NYM,NL,0.2,51,88,84,7,23,5,0,4,14,0,0,3,22,0.274,0.307,0.476,0.783,111,0.345,115,40,3,1,0,0,0,H/579341,
477,Patrick Mazeika*,27,NYM,NL,-0.2,37,87,79,6,15,3,0,1,6,0,0,4,18,0.19,0.253,0.266,0.519,43,0.238,39,21,2,3,0,1,1,2H/3D,
478,Pablo Reyes,27,MIL,NL,0.7,53,87,78,12,20,5,0,1,3,4,0,9,15,0.256,0.333,0.359,0.692,88,0.347,106,28,2,0,0,0,1,H5/467D,
479,Pablo Sandoval#,34,ATL,NL,-0.2,69,86,73,11,13,0,0,4,11,0,0,11,25,0.178,0.302,0.342,0.645,71,0.293,71,25,2,2,0,0,0,H/D35,
480,Isaac Paredes,22,DET,AL,-0.3,23,85,72,7,15,3,1,1,5,0,0,10,11,0.208,0.306,0.319,0.625,76,0.272,68,23,4,1,0,2,1,Apr-56,
481,Drew Ellis,25,ARI,NL,-0.7,28,83,69,10,9,2,0,1,5,0,0,10,27,0.13,0.277,0.203,0.48,34,0.231,31,14,1,4,0,0,1,5/H4,
482,Kyle Isbel*,24,KCR,AL,0.6,28,83,76,16,21,5,2,1,7,2,0,7,23,0.276,0.337,0.434,0.772,108,0.345,111,33,0,0,0,0,0,9/87HD,
483,Ildemaro Vargas#,29,3TM,NL,-0.4,34,83,77,7,12,3,1,0,7,1,0,6,17,0.156,0.217,0.221,0.438,20,0.23,28,17,2,0,0,0,1,H5/467D,
484,Chance Sisco*,26,2TM,2LG,-0.3,28,83,74,5,11,3,0,0,4,0,0,7,21,0.149,0.241,0.189,0.43,21,0.205,18,14,1,2,0,0,0,2/HD,
485,Alex Blandino,28,CIN,NL,-0.2,43,82,70,9,14,4,0,0,5,1,0,8,28,0.2,0.317,0.257,0.574,52,0.286,59,18,0,4,0,0,0,3H/54176,
486,Walker Buehler,26,LAD,NL,0,34,82,69,5,7,2,0,0,3,0,0,5,45,0.101,0.162,0.13,0.293,-20,0.14,-52,9,0,0,8,0,0,1/H,"AS,CYA-4"
487,Grayson Greiner,28,DET,AL,0,31,82,72,7,17,4,0,1,7,0,0,9,31,0.236,0.321,0.333,0.654,84,0.292,83,24,0,0,1,0,0,2/H,
488,Jason Vosler*,27,SFG,NL,-0.9,41,82,73,12,13,4,0,3,9,2,0,7,21,0.178,0.256,0.356,0.612,65,0.268,54,26,5,1,0,1,1,5H/3479D,
489,Daniel Johnson*,25,CLE,AL,-0.2,30,81,77,9,17,0,0,4,5,1,0,4,27,0.221,0.259,0.377,0.636,73,0.276,66,29,0,0,0,0,0,9/7HD,
490,René Rivera,37,2TM,2LG,-0.1,25,78,69,8,16,3,0,2,9,0,0,4,29,0.232,0.293,0.362,0.656,80,0.288,77,25,4,2,3,0,0,2/H,
491,Yohel Pozo,24,TEX,AL,-0.1,21,77,74,8,21,4,0,1,9,0,0,3,10,0.284,0.312,0.378,0.69,90,0.301,86,28,1,0,0,0,0,D/2H,
492,Webster Rivas,30,SDP,NL,0.2,24,77,68,8,15,2,0,2,4,0,0,8,16,0.221,0.303,0.338,0.641,79,0.3,88,23,6,0,1,0,0,2/H,
493,Matt Vierling,24,PHI,NL,0.2,34,77,71,11,23,3,1,2,6,2,0,4,20,0.324,0.364,0.479,0.843,126,0.375,129,34,1,1,0,1,1,H/3879,
494,Stevie Wilkerson#,29,BAL,AL,-0.5,30,76,72,5,12,3,0,0,2,2,0,3,30,0.167,0.211,0.208,0.419,16,0.196,7,15,0,1,0,0,0,4/H719,
495,Jonathan Araúz#,22,BOS,AL,0.1,28,75,65,9,12,3,0,3,8,0,0,8,15,0.185,0.274,0.369,0.643,70,0.279,63,24,2,0,2,0,0,64/H51,
496,Eddy Alvarez*,31,MIA,NL,0.1,24,74,64,8,12,4,1,1,6,1,0,4,18,0.188,0.297,0.328,0.625,70,0.294,73,21,2,6,0,0,1,5/4H,
497,Adam Wainwright,39,STL,NL,0.2,33,74,57,1,7,2,0,0,4,0,0,3,25,0.123,0.167,0.158,0.325,-9,0.166,-35,9,2,0,14,0,0,1/H,"CYA-7,MVP-20"
498,Zack Wheeler*,31,PHI,NL,0.1,32,73,68,1,11,2,0,0,3,0,0,0,39,0.162,0.162,0.191,0.353,-5,0.169,-21,13,1,0,5,0,0,1/H,"AS,CYA-2,MVP-19"
499,Mike Ford*,28,NYY,AL,-0.2,22,72,60,6,8,0,0,3,5,0,0,11,23,0.133,0.278,0.283,0.561,56,0.265,61,17,1,1,0,0,1,3/H,
500,Jahmai Jones,23,BAL,AL,-0.6,26,72,67,5,10,3,0,0,3,1,0,4,26,0.149,0.208,0.194,0.402,12,0.2,11,13,1,1,0,0,0,4/H,